4f85c173-77f7-4e28-9eda-c0482f47f6ec,Image,2022-05-06T11:40:00.471Z,JPG,1944,eu-west-1:a1e6b3ad-3814-4def-88a2-e709e936b6f3,imageuploads/17fc7375-76dd-4a9a-a614-393a52b1ad84.jpg,010-00082BP27.jpg,fa2239d8-6a45-4cea-9fbf-a1f42beafb47,746224,2022-05-06T11:40:00.471Z,2592
2aea572d-922b-4ead-8691-d69a7ebf78e4,Image,2022-05-06T11:40:00.587Z,JPG,1944,eu-west-1:a1e6b3ad-3814-4def-88a2-e709e936b6f3,imageuploads/3c6b0bd8-2e18-4066-bed2-c397f4be05b6.jpg,010-00082BP28.jpg,fa2239d8-6a45-4cea-9fbf-a1f42beafb47,680290,2022-05-06T11:40:00.587Z,2592
69b1213d-ad7b-4d98-bf1f-9e9d4e1d690d,Image,2022-05-06T11:39:58.974Z,JPG,1944,eu-west-1:a1e6b3ad-3814-4def-88a2-e709e936b6f3,imageuploads/f9253a86-73b6-41f0-b7bd-07dc36ed23b7.jpg,010-00082BP14.jpg,fa2239d8-6a45-4cea-9fbf-a1f42beafb47,644379,2022-05-06T11:39:58.974Z,2592
4c4dd0f8-3445-452c-82de-8afe30711b96,Image,2022-05-06T11:39:58.364Z,JPG,1944,eu-west-1:a1e6b3ad-3814-4def-88a2-e709e936b6f3,imageuploads/82ead12b-a2f7-4f3b-a267-ce1c795873c5.jpg,010-00082BP13.jpg,fa2239d8-6a45-4cea-9fbf-a1f42beafb47,708981,2022-05-06T11:39:58.364Z,2592
02594fb5-2c10-4d85-8e1b-69c24d3a3800,Image,2022-05-06T11:39:59.673Z,JPG,1944,eu-west-1:a1e6b3ad-3814-4def-88a2-e709e936b6f3,imageuploads/85646bf1-e609-40a1-920b-e07162c2cccc.jpg,010-00082BP15.jpg,fa2239d8-6a45-4cea-9fbf-a1f42beafb47,661526,2022-05-06T11:39:59.673Z,2592
20e5dd1b-abc2-47ba-af3a-c17437e44170,Image,2022-05-06T11:39:58.947Z,JPG,1944,eu-west-1:a1e6b3ad-3814-4def-88a2-e709e936b6f3,imageuploads/c484fdca-f064-4b41-bfac-86e5fdd73863.jpg,010-00082BP16.jpg,fa2239d8-6a45-4cea-9fbf-a1f42beafb47,673790,2022-05-06T11:39:58.947Z,2592
ce421979-0340-4ec2-bb87-3eeeb09293b0,Image,2022-05-06T12:51:13.914Z,JPG,1944,eu-west-1:a1e6b3ad-3814-4def-88a2-e709e936b6f3,imageuploads/b2f60b49-126f-4006-8853-4e37ab49491d.jpg,010-00082GP0.jpg,fa2239d8-6a45-4cea-9fbf-a1f42beafb47,557145,2022-05-06T12:51:13.914Z,2592
8ed730cd-a2c3-4f9f-bd96-10177d11c13c,Image,2022-05-06T11:39:57.472Z,JPG,1944,eu-west-1:a1e6b3ad-3814-4def-88a2-e709e936b6f3,imageuploads/70a534c1-8b23-4db9-b19f-99f71b77d1bb.jpg,010-00082BP3.jpg,fa2239d8-6a45-4cea-9fbf-a1f42beafb47,659987,2022-05-06T11:39:57.472Z,2592
50bdb3e1-fc7b-49d2-bcef-20d7b94b71ae,Image,2022-05-06T11:40:00.091Z,JPG,1944,eu-west-1:a1e6b3ad-3814-4def-88a2-e709e936b6f3,imageuploads/14a6f320-4726-4eb8-97de-f5cd2fcd4349.jpg,010-00082BP20.jpg,fa2239d8-6a45-4cea-9fbf-a1f42beafb47,750642,2022-05-06T11:40:00.091Z,2592
3f9ad4c9-b682-47db-b02b-6b25bd0653ba,Image,2022-05-06T11:39:59.977Z,JPG,1944,eu-west-1:a1e6b3ad-3814-4def-88a2-e709e936b6f3,imageuploads/88df929d-4922-46dc-9b9e-3bff58ce0ac6.jpg,010-00082BP21.jpg,fa2239d8-6a45-4cea-9fbf-a1f42beafb47,820646,2022-05-06T11:39:59.977Z,2592
523937ee-a3be-4ac3-88c8-cf0926bcdb5a,Image,2022-05-06T11:39:57.557Z,JPG,1944,eu-west-1:a1e6b3ad-3814-4def-88a2-e709e936b6f3,imageuploads/29fa6757-8153-4a3a-9c1a-392ed0cfa58d.jpg,010-00082BP6.jpg,fa2239d8-6a45-4cea-9fbf-a1f42beafb47,766152,2022-05-06T11:39:57.557Z,2592
e73dc202-a624-4b08-bb45-316fab1bf634,Image,2022-05-06T11:39:57.544Z,JPG,1944,eu-west-1:a1e6b3ad-3814-4def-88a2-e709e936b6f3,imageuploads/a7581ecb-c555-4f04-bde7-cb5649491ac1.jpg,010-00082BP0.jpg,fa2239d8-6a45-4cea-9fbf-a1f42beafb47,754195,2022-05-06T11:39:57.544Z,2592
4feb5b62-c6af-4c91-83cb-847f09eeae59,Image,2022-05-06T11:39:58.028Z,JPG,1944,eu-west-1:a1e6b3ad-3814-4def-88a2-e709e936b6f3,imageuploads/ab43711b-6615-433e-8493-837cd368a13f.jpg,010-00082BP11.jpg,fa2239d8-6a45-4cea-9fbf-a1f42beafb47,650039,2022-05-06T11:39:58.028Z,2592
0ce0ee93-f118-487a-8b7e-4e99b2c3d906,Image,2022-05-06T11:39:59.873Z,JPG,1944,eu-west-1:a1e6b3ad-3814-4def-88a2-e709e936b6f3,imageuploads/a690fff7-b439-46ce-b162-7e69fdba910b.jpg,010-00082BP23.jpg,fa2239d8-6a45-4cea-9fbf-a1f42beafb47,698726,2022-05-06T11:39:59.873Z,2592
5952e7d2-9da4-49d7-8973-6bd9aadc7b60,Image,2022-05-04T09:43:35.025Z,JPG,1944,eu-west-1:a1e6b3ad-3814-4def-88a2-e709e936b6f3,imageuploads/5f71f2ab-7dde-4867-8e0e-549d288b1175.jpg,010-00082GP136.jpg,383b8ebe-021d-4986-b1cd-153a7652e7fe,648599,2022-05-04T09:43:35.025Z,2592
05e67f68-70ff-41dc-84a7-cf78fcc9f992,Image,2022-05-04T09:43:39.970Z,JPG,1944,eu-west-1:a1e6b3ad-3814-4def-88a2-e709e936b6f3,imageuploads/1f039999-3728-4b39-9d25-c8ae193635fd.jpg,010-00082GP162.jpg,383b8ebe-021d-4986-b1cd-153a7652e7fe,715732,2022-05-04T09:43:39.970Z,2592
0dff6d7c-049b-45c9-86f4-af885d40c09f,Image,2022-05-04T09:43:39.490Z,JPG,1944,eu-west-1:a1e6b3ad-3814-4def-88a2-e709e936b6f3,imageuploads/8c1d0f43-8788-4e4d-9829-09a6c0545d7b.jpg,010-00082GP166.jpg,383b8ebe-021d-4986-b1cd-153a7652e7fe,729144,2022-05-04T09:43:39.490Z,2592
e53561d2-cb58-45f1-8ed7-a91a737549ba,Image,2022-05-04T09:42:10.850Z,JPG,1944,eu-west-1:a1e6b3ad-3814-4def-88a2-e709e936b6f3,imageuploads/9581b5fc-7e8b-4a17-a991-269203e853af.jpg,010-00082BP29.jpg,383b8ebe-021d-4986-b1cd-153a7652e7fe,733937,2022-05-04T09:42:10.850Z,2592
c5d6542e-44d0-4555-b532-611b23086caa,Image,2022-05-04T09:42:27.914Z,JPG,1944,eu-west-1:a1e6b3ad-3814-4def-88a2-e709e936b6f3,imageuploads/839450f8-dd54-4808-b0b0-6ee666146ede.jpg,010-00082BP115.jpg,383b8ebe-021d-4986-b1cd-153a7652e7fe,776215,2022-05-04T09:42:27.914Z,2592
f55aa1e4-c7fe-45b4-aeaf-941f3bbc7ea6,Image,2022-05-04T09:42:34.068Z,JPG,1944,eu-west-1:a1e6b3ad-3814-4def-88a2-e709e936b6f3,imageuploads/fb11681b-eb19-4dae-b0f9-185e3f2f5dc1.jpg,010-00082BP156.jpg,383b8ebe-021d-4986-b1cd-153a7652e7fe,853338,2022-05-04T09:42:34.068Z,2592
13b51fe5-b667-402d-9c24-b470bfc375b5,Image,2022-05-04T09:43:12.503Z,JPG,1944,eu-west-1:a1e6b3ad-3814-4def-88a2-e709e936b6f3,imageuploads/bc9c4355-f35c-4997-9728-a074de56f1d4.jpg,010-00082GP2.jpg,383b8ebe-021d-4986-b1cd-153a7652e7fe,555667,2022-05-04T09:43:12.503Z,2592
7e045c72-f21a-4991-b8fe-2ad01aad7abc,Image,2022-05-04T09:43:44.246Z,JPG,1944,eu-west-1:a1e6b3ad-3814-4def-88a2-e709e936b6f3,imageuploads/bcd88ced-adc6-4a1c-a6eb-5a14e016444f.jpg,010-00082GP194.jpg,383b8ebe-021d-4986-b1cd-153a7652e7fe,747484,2022-05-04T09:43:44.246Z,2592
4063754b-279a-4e86-bc9a-598280189cd6,Image,2022-05-06T12:51:14.682Z,JPG,1944,eu-west-1:a1e6b3ad-3814-4def-88a2-e709e936b6f3,imageuploads/0d448ded-6b2e-4721-b307-5482e0adeceb.jpg,010-00082GP22.jpg,fa2239d8-6a45-4cea-9fbf-a1f42beafb47,654978,2022-05-06T12:51:14.682Z,2592
f2607d3a-4730-42c4-8f01-65051432afa6,Image,2022-05-04T09:43:15.791Z,JPG,1944,eu-west-1:a1e6b3ad-3814-4def-88a2-e709e936b6f3,imageuploads/0021c88b-8506-496b-a133-4e91c69a78e3.jpg,010-00082GP16.jpg,383b8ebe-021d-4986-b1cd-153a7652e7fe,660631,2022-05-04T09:43:15.791Z,2592
e19315ab-ebae-49f9-9c3a-710b27353fe7,Image,2022-05-04T09:43:14.549Z,JPG,1944,eu-west-1:a1e6b3ad-3814-4def-88a2-e709e936b6f3,imageuploads/e23e5898-5f2d-4e15-a355-81ae23e3e82f.jpg,010-00082GP9.jpg,383b8ebe-021d-4986-b1cd-153a7652e7fe,650616,2022-05-04T09:43:14.549Z,2592
c106e733-ad81-4f28-8380-6295fe4eeeed,Image,2022-05-04T09:42:13.032Z,JPG,1944,eu-west-1:a1e6b3ad-3814-4def-88a2-e709e936b6f3,imageuploads/1ff880d3-b87e-4249-bd5e-8370d2f8f64e.jpg,010-00082BP41.jpg,383b8ebe-021d-4986-b1cd-153a7652e7fe,665026,2022-05-04T09:42:13.032Z,2592
70aa65e7-ffad-499a-97bd-15b58c231f79,Image,2022-05-04T09:43:38.257Z,JPG,1944,eu-west-1:a1e6b3ad-3814-4def-88a2-e709e936b6f3,imageuploads/746fcebb-acfc-46de-8151-ff0bd33010eb.jpg,010-00082GP155.jpg,383b8ebe-021d-4986-b1cd-153a7652e7fe,731331,2022-05-04T09:43:38.257Z,2592