"id","__typename","createdAt","filetype","height","identityId","key","name","processImagesId","size","updatedAt","width"
"4f85c173-77f7-4e28-9eda-c0482f47f6ec","Image","2022-05-06T11:40:00.471Z","JPG","1944","eu-west-1:a1e6b3ad-3814-4def-88a2-e709e936b6f3","imageuploads/17fc7375-76dd-4a9a-a614-393a52b1ad84.jpg","010-00082BP27.jpg","fa2239d8-6a45-4cea-9fbf-a1f42beafb47","746224","2022-05-06T11:40:00.471Z","2592"
"2aea572d-922b-4ead-8691-d69a7ebf78e4","Image","2022-05-06T11:40:00.587Z","JPG","1944","eu-west-1:a1e6b3ad-3814-4def-88a2-e709e936b6f3","imageuploads/3c6b0bd8-2e18-4066-bed2-c397f4be05b6.jpg","010-00082BP28.jpg","fa2239d8-6a45-4cea-9fbf-a1f42beafb47","680290","2022-05-06T11:40:00.587Z","2592"
"69b1213d-ad7b-4d98-bf1f-9e9d4e1d690d","Image","2022-05-06T11:39:58.974Z","JPG","1944","eu-west-1:a1e6b3ad-3814-4def-88a2-e709e936b6f3","imageuploads/f9253a86-73b6-41f0-b7bd-07dc36ed23b7.jpg","010-00082BP14.jpg","fa2239d8-6a45-4cea-9fbf-a1f42beafb47","644379","2022-05-06T11:39:58.974Z","2592"
"4c4dd0f8-3445-452c-82de-8afe30711b96","Image","2022-05-06T11:39:58.364Z","JPG","1944","eu-west-1:a1e6b3ad-3814-4def-88a2-e709e936b6f3","imageuploads/82ead12b-a2f7-4f3b-a267-ce1c795873c5.jpg","010-00082BP13.jpg","fa2239d8-6a45-4cea-9fbf-a1f42beafb47","708981","2022-05-06T11:39:58.364Z","2592"
"02594fb5-2c10-4d85-8e1b-69c24d3a3800","Image","2022-05-06T11:39:59.673Z","JPG","1944","eu-west-1:a1e6b3ad-3814-4def-88a2-e709e936b6f3","imageuploads/85646bf1-e609-40a1-920b-e07162c2cccc.jpg","010-00082BP15.jpg","fa2239d8-6a45-4cea-9fbf-a1f42beafb47","661526","2022-05-06T11:39:59.673Z","2592"
"20e5dd1b-abc2-47ba-af3a-c17437e44170","Image","2022-05-06T11:39:58.947Z","JPG","1944","eu-west-1:a1e6b3ad-3814-4def-88a2-e709e936b6f3","imageuploads/c484fdca-f064-4b41-bfac-86e5fdd73863.jpg","010-00082BP16.jpg","fa2239d8-6a45-4cea-9fbf-a1f42beafb47","673790","2022-05-06T11:39:58.947Z","2592"
"ce421979-0340-4ec2-bb87-3eeeb09293b0","Image","2022-05-06T12:51:13.914Z","JPG","1944","eu-west-1:a1e6b3ad-3814-4def-88a2-e709e936b6f3","imageuploads/b2f60b49-126f-4006-8853-4e37ab49491d.jpg","010-00082GP0.jpg","fa2239d8-6a45-4cea-9fbf-a1f42beafb47","557145","2022-05-06T12:51:13.914Z","2592"
"8ed730cd-a2c3-4f9f-bd96-10177d11c13c","Image","2022-05-06T11:39:57.472Z","JPG","1944","eu-west-1:a1e6b3ad-3814-4def-88a2-e709e936b6f3","imageuploads/70a534c1-8b23-4db9-b19f-99f71b77d1bb.jpg","010-00082BP3.jpg","fa2239d8-6a45-4cea-9fbf-a1f42beafb47","659987","2022-05-06T11:39:57.472Z","2592"
"50bdb3e1-fc7b-49d2-bcef-20d7b94b71ae","Image","2022-05-06T11:40:00.091Z","JPG","1944","eu-west-1:a1e6b3ad-3814-4def-88a2-e709e936b6f3","imageuploads/14a6f320-4726-4eb8-97de-f5cd2fcd4349.jpg","010-00082BP20.jpg","fa2239d8-6a45-4cea-9fbf-a1f42beafb47","750642","2022-05-06T11:40:00.091Z","2592"
"3f9ad4c9-b682-47db-b02b-6b25bd0653ba","Image","2022-05-06T11:39:59.977Z","JPG","1944","eu-west-1:a1e6b3ad-3814-4def-88a2-e709e936b6f3","imageuploads/88df929d-4922-46dc-9b9e-3bff58ce0ac6.jpg","010-00082BP21.jpg","fa2239d8-6a45-4cea-9fbf-a1f42beafb47","820646","2022-05-06T11:39:59.977Z","2592"
"523937ee-a3be-4ac3-88c8-cf0926bcdb5a","Image","2022-05-06T11:39:57.557Z","JPG","1944","eu-west-1:a1e6b3ad-3814-4def-88a2-e709e936b6f3","imageuploads/29fa6757-8153-4a3a-9c1a-392ed0cfa58d.jpg","010-00082BP6.jpg","fa2239d8-6a45-4cea-9fbf-a1f42beafb47","766152","2022-05-06T11:39:57.557Z","2592"
"e73dc202-a624-4b08-bb45-316fab1bf634","Image","2022-05-06T11:39:57.544Z","JPG","1944","eu-west-1:a1e6b3ad-3814-4def-88a2-e709e936b6f3","imageuploads/a7581ecb-c555-4f04-bde7-cb5649491ac1.jpg","010-00082BP0.jpg","fa2239d8-6a45-4cea-9fbf-a1f42beafb47","754195","2022-05-06T11:39:57.544Z","2592"
"4feb5b62-c6af-4c91-83cb-847f09eeae59","Image","2022-05-06T11:39:58.028Z","JPG","1944","eu-west-1:a1e6b3ad-3814-4def-88a2-e709e936b6f3","imageuploads/ab43711b-6615-433e-8493-837cd368a13f.jpg","010-00082BP11.jpg","fa2239d8-6a45-4cea-9fbf-a1f42beafb47","650039","2022-05-06T11:39:58.028Z","2592"
"0ce0ee93-f118-487a-8b7e-4e99b2c3d906","Image","2022-05-06T11:39:59.873Z","JPG","1944","eu-west-1:a1e6b3ad-3814-4def-88a2-e709e936b6f3","imageuploads/a690fff7-b439-46ce-b162-7e69fdba910b.jpg","010-00082BP23.jpg","fa2239d8-6a45-4cea-9fbf-a1f42beafb47","698726","2022-05-06T11:39:59.873Z","2592"
"5952e7d2-9da4-49d7-8973-6bd9aadc7b60","Image","2022-05-04T09:43:35.025Z","JPG","1944","eu-west-1:a1e6b3ad-3814-4def-88a2-e709e936b6f3","imageuploads/5f71f2ab-7dde-4867-8e0e-549d288b1175.jpg","010-00082GP136.jpg","383b8ebe-021d-4986-b1cd-153a7652e7fe","648599","2022-05-04T09:43:35.025Z","2592"
"05e67f68-70ff-41dc-84a7-cf78fcc9f992","Image","2022-05-04T09:43:39.970Z","JPG","1944","eu-west-1:a1e6b3ad-3814-4def-88a2-e709e936b6f3","imageuploads/1f039999-3728-4b39-9d25-c8ae193635fd.jpg","010-00082GP162.jpg","383b8ebe-021d-4986-b1cd-153a7652e7fe","715732","2022-05-04T09:43:39.970Z","2592"
"0dff6d7c-049b-45c9-86f4-af885d40c09f","Image","2022-05-04T09:43:39.490Z","JPG","1944","eu-west-1:a1e6b3ad-3814-4def-88a2-e709e936b6f3","imageuploads/8c1d0f43-8788-4e4d-9829-09a6c0545d7b.jpg","010-00082GP166.jpg","383b8ebe-021d-4986-b1cd-153a7652e7fe","729144","2022-05-04T09:43:39.490Z","2592"
"e53561d2-cb58-45f1-8ed7-a91a737549ba","Image","2022-05-04T09:42:10.850Z","JPG","1944","eu-west-1:a1e6b3ad-3814-4def-88a2-e709e936b6f3","imageuploads/9581b5fc-7e8b-4a17-a991-269203e853af.jpg","010-00082BP29.jpg","383b8ebe-021d-4986-b1cd-153a7652e7fe","733937","2022-05-04T09:42:10.850Z","2592"
"c5d6542e-44d0-4555-b532-611b23086caa","Image","2022-05-04T09:42:27.914Z","JPG","1944","eu-west-1:a1e6b3ad-3814-4def-88a2-e709e936b6f3","imageuploads/839450f8-dd54-4808-b0b0-6ee666146ede.jpg","010-00082BP115.jpg","383b8ebe-021d-4986-b1cd-153a7652e7fe","776215","2022-05-04T09:42:27.914Z","2592"
"f55aa1e4-c7fe-45b4-aeaf-941f3bbc7ea6","Image","2022-05-04T09:42:34.068Z","JPG","1944","eu-west-1:a1e6b3ad-3814-4def-88a2-e709e936b6f3","imageuploads/fb11681b-eb19-4dae-b0f9-185e3f2f5dc1.jpg","010-00082BP156.jpg","383b8ebe-021d-4986-b1cd-153a7652e7fe","853338","2022-05-04T09:42:34.068Z","2592"
"13b51fe5-b667-402d-9c24-b470bfc375b5","Image","2022-05-04T09:43:12.503Z","JPG","1944","eu-west-1:a1e6b3ad-3814-4def-88a2-e709e936b6f3","imageuploads/bc9c4355-f35c-4997-9728-a074de56f1d4.jpg","010-00082GP2.jpg","383b8ebe-021d-4986-b1cd-153a7652e7fe","555667","2022-05-04T09:43:12.503Z","2592"
"7e045c72-f21a-4991-b8fe-2ad01aad7abc","Image","2022-05-04T09:43:44.246Z","JPG","1944","eu-west-1:a1e6b3ad-3814-4def-88a2-e709e936b6f3","imageuploads/bcd88ced-adc6-4a1c-a6eb-5a14e016444f.jpg","010-00082GP194.jpg","383b8ebe-021d-4986-b1cd-153a7652e7fe","747484","2022-05-04T09:43:44.246Z","2592"
"4063754b-279a-4e86-bc9a-598280189cd6","Image","2022-05-06T12:51:14.682Z","JPG","1944","eu-west-1:a1e6b3ad-3814-4def-88a2-e709e936b6f3","imageuploads/0d448ded-6b2e-4721-b307-5482e0adeceb.jpg","010-00082GP22.jpg","fa2239d8-6a45-4cea-9fbf-a1f42beafb47","654978","2022-05-06T12:51:14.682Z","2592"
"f2607d3a-4730-42c4-8f01-65051432afa6","Image","2022-05-04T09:43:15.791Z","JPG","1944","eu-west-1:a1e6b3ad-3814-4def-88a2-e709e936b6f3","imageuploads/0021c88b-8506-496b-a133-4e91c69a78e3.jpg","010-00082GP16.jpg","383b8ebe-021d-4986-b1cd-153a7652e7fe","660631","2022-05-04T09:43:15.791Z","2592"
"e19315ab-ebae-49f9-9c3a-710b27353fe7","Image","2022-05-04T09:43:14.549Z","JPG","1944","eu-west-1:a1e6b3ad-3814-4def-88a2-e709e936b6f3","imageuploads/e23e5898-5f2d-4e15-a355-81ae23e3e82f.jpg","010-00082GP9.jpg","383b8ebe-021d-4986-b1cd-153a7652e7fe","650616","2022-05-04T09:43:14.549Z","2592"
"c106e733-ad81-4f28-8380-6295fe4eeeed","Image","2022-05-04T09:42:13.032Z","JPG","1944","eu-west-1:a1e6b3ad-3814-4def-88a2-e709e936b6f3","imageuploads/1ff880d3-b87e-4249-bd5e-8370d2f8f64e.jpg","010-00082BP41.jpg","383b8ebe-021d-4986-b1cd-153a7652e7fe","665026","2022-05-04T09:42:13.032Z","2592"
"70aa65e7-ffad-499a-97bd-15b58c231f79","Image","2022-05-04T09:43:38.257Z","JPG","1944","eu-west-1:a1e6b3ad-3814-4def-88a2-e709e936b6f3","imageuploads/746fcebb-acfc-46de-8151-ff0bd33010eb.jpg","010-00082GP155.jpg","383b8ebe-021d-4986-b1cd-153a7652e7fe","731331","2022-05-04T09:43:38.257Z","2592"
"ab5b787c-e43b-4bb7-aa63-495598a8539f","Image","2022-05-04T09:42:33.160Z","JPG","1944","eu-west-1:a1e6b3ad-3814-4def-88a2-e709e936b6f3","imageuploads/dbde62ec-4fb1-44a7-b74c-a13a079168fc.jpg","010-00082BP150.jpg","383b8ebe-021d-4986-b1cd-153a7652e7fe","834039","2022-05-04T09:42:33.160Z","2592"
"3acef454-2ab5-4712-b6bb-7a29ee9bdf3d","Image","2022-05-04T09:43:13.974Z","JPG","1944","eu-west-1:a1e6b3ad-3814-4def-88a2-e709e936b6f3","imageuploads/dc99858f-d643-46cf-8d47-29ac300759ab.jpg","010-00082GP5.jpg","383b8ebe-021d-4986-b1cd-153a7652e7fe","608817","2022-05-04T09:43:13.974Z","2592"
"1fb6b858-7328-419c-9e3a-c7592e00e2c6","Image","2022-05-06T12:51:14.589Z","JPG","1944","eu-west-1:a1e6b3ad-3814-4def-88a2-e709e936b6f3","imageuploads/9ed41c66-55ec-4624-9408-10e834007073.jpg","010-00082GP28.jpg","fa2239d8-6a45-4cea-9fbf-a1f42beafb47","682789","2022-05-06T12:51:14.589Z","2592"
"247f359a-4daa-47d1-8f08-1c6fb0732919","Image","2022-05-04T09:42:13.813Z","JPG","1944","eu-west-1:a1e6b3ad-3814-4def-88a2-e709e936b6f3","imageuploads/870d64b3-1686-462e-a61a-9102e2f4ca57.jpg","010-00082BP47.jpg","383b8ebe-021d-4986-b1cd-153a7652e7fe","676533","2022-05-04T09:42:13.813Z","2592"
"6540609d-2658-42f1-bf94-0ff5b5f49795","Image","2022-05-04T09:43:16.683Z","JPG","1944","eu-west-1:a1e6b3ad-3814-4def-88a2-e709e936b6f3","imageuploads/930c426d-d428-4a61-a1bd-01f71e772694.jpg","010-00082GP25.jpg","383b8ebe-021d-4986-b1cd-153a7652e7fe","671568","2022-05-04T09:43:16.683Z","2592"
"5a1a579f-2805-4ed1-8e90-8995da6fa46b","Image","2022-05-04T09:42:23.837Z","JPG","1944","eu-west-1:a1e6b3ad-3814-4def-88a2-e709e936b6f3","imageuploads/59d7bcf9-8190-4956-861f-ddc313c68a51.jpg","010-00082BP103.jpg","383b8ebe-021d-4986-b1cd-153a7652e7fe","760215","2022-05-04T09:42:23.837Z","2592"
"57564db7-9cc6-459c-b346-085ba0937621","Image","2022-05-04T09:43:34.377Z","JPG","1944","eu-west-1:a1e6b3ad-3814-4def-88a2-e709e936b6f3","imageuploads/fff6342f-f4ab-474c-a48d-42196df55f4d.jpg","010-00082GP131.jpg","383b8ebe-021d-4986-b1cd-153a7652e7fe","718705","2022-05-04T09:43:34.377Z","2592"
"35a7e065-38fe-4115-8392-c09717e3c612","Image","2022-05-04T09:42:19.600Z","JPG","1944","eu-west-1:a1e6b3ad-3814-4def-88a2-e709e936b6f3","imageuploads/9e8e1294-8ee6-46ad-bdb6-d5f3aba770d2.jpg","010-00082BP83.jpg","383b8ebe-021d-4986-b1cd-153a7652e7fe","749016","2022-05-04T09:42:19.600Z","2592"
"9ecf4f03-c36d-41d6-91b2-c7dbae5e0f95","Image","2022-05-04T09:42:35.110Z","JPG","1944","eu-west-1:a1e6b3ad-3814-4def-88a2-e709e936b6f3","imageuploads/f811ab18-a169-4eb0-80b1-327abfcc8721.jpg","010-00082BP161.jpg","383b8ebe-021d-4986-b1cd-153a7652e7fe","849895","2022-05-04T09:42:35.110Z","2592"
"7f3cacd9-ce58-428e-aeb1-2fb9d374b184","Image","2022-05-04T09:43:20.543Z","JPG","1944","eu-west-1:a1e6b3ad-3814-4def-88a2-e709e936b6f3","imageuploads/bcab1aef-3fcb-4161-a4f6-990b9d0c3a0a.jpg","010-00082GP48.jpg","383b8ebe-021d-4986-b1cd-153a7652e7fe","646931","2022-05-04T09:43:20.543Z","2592"
"b8c7b88c-1eda-44e5-9226-eb010e2732ce","Image","2022-05-04T09:42:24.540Z","JPG","1944","eu-west-1:a1e6b3ad-3814-4def-88a2-e709e936b6f3","imageuploads/e0ebcd03-e78b-496e-9d8b-8d81493249d1.jpg","010-00082BP110.jpg","383b8ebe-021d-4986-b1cd-153a7652e7fe","767768","2022-05-04T09:42:24.540Z","2592"
"79c9dc19-b271-4095-8468-044bb690c4d7","Image","2022-05-04T09:43:16.857Z","JPG","1944","eu-west-1:a1e6b3ad-3814-4def-88a2-e709e936b6f3","imageuploads/ccf2637d-ef7d-4c49-aebb-865cfb2767f9.jpg","010-00082GP22.jpg","383b8ebe-021d-4986-b1cd-153a7652e7fe","654978","2022-05-04T09:43:16.857Z","2592"
"f8a1b73a-439a-43b6-85ce-5e4d32a9d618","Image","2022-05-04T09:42:25.461Z","JPG","1944","eu-west-1:a1e6b3ad-3814-4def-88a2-e709e936b6f3","imageuploads/b6a56be9-c564-4f17-ac89-86d167a16707.jpg","010-00082BP113.jpg","383b8ebe-021d-4986-b1cd-153a7652e7fe","797633","2022-05-04T09:42:25.461Z","2592"
"1e613c7d-276b-4536-a4d9-394f7a63a8c0","Image","2022-05-04T09:43:27.091Z","JPG","1944","eu-west-1:a1e6b3ad-3814-4def-88a2-e709e936b6f3","imageuploads/7be92bcb-1148-40bc-a56d-87d6ff0044d3.jpg","010-00082GP90.jpg","383b8ebe-021d-4986-b1cd-153a7652e7fe","679590","2022-05-04T09:43:27.091Z","2592"
"82361974-fa14-4cd1-9861-6e0544b476ac","Image","2022-05-04T09:43:16.227Z","JPG","1944","eu-west-1:a1e6b3ad-3814-4def-88a2-e709e936b6f3","imageuploads/ad10eb9f-6960-4360-b03e-e242a594b9de.jpg","010-00082GP23.jpg","383b8ebe-021d-4986-b1cd-153a7652e7fe","688127","2022-05-04T09:43:16.227Z","2592"
"7ebb8882-c496-461e-9933-148f717b87b3","Image","2022-05-04T09:43:29.352Z","JPG","1944","eu-west-1:a1e6b3ad-3814-4def-88a2-e709e936b6f3","imageuploads/72c94f39-80a7-42e1-a763-3c30da261e03.jpg","010-00082GP98.jpg","383b8ebe-021d-4986-b1cd-153a7652e7fe","652316","2022-05-04T09:43:29.352Z","2592"
"bc3dd9ef-08df-40b2-84c0-38e7d0876208","Image","2022-05-04T09:43:40.696Z","JPG","1944","eu-west-1:a1e6b3ad-3814-4def-88a2-e709e936b6f3","imageuploads/64080f64-e6f6-410a-9827-ae97734b8230.jpg","010-00082GP171.jpg","383b8ebe-021d-4986-b1cd-153a7652e7fe","727762","2022-05-04T09:43:40.696Z","2592"
"164d1196-42d8-45f4-bf9d-6b897b3e4fa6","Image","2022-05-04T09:42:35.910Z","JPG","1944","eu-west-1:a1e6b3ad-3814-4def-88a2-e709e936b6f3","imageuploads/a5c88d75-a0b9-4583-8f0b-01313d1b98f2.jpg","010-00082BP168.jpg","383b8ebe-021d-4986-b1cd-153a7652e7fe","768716","2022-05-04T09:42:35.910Z","2592"
"5661ea25-f82f-4f43-9334-8d79fc5fb6c8","Image","2022-05-04T09:43:38.636Z","JPG","1944","eu-west-1:a1e6b3ad-3814-4def-88a2-e709e936b6f3","imageuploads/4dfb7940-f7cd-4636-af3f-dbf1bfadc8aa.jpg","010-00082GP159.jpg","383b8ebe-021d-4986-b1cd-153a7652e7fe","718307","2022-05-04T09:43:38.636Z","2592"
"f03e4198-ef6e-4280-afba-b97fbf5c4b0e","Image","2022-05-04T09:43:28.930Z","JPG","1944","eu-west-1:a1e6b3ad-3814-4def-88a2-e709e936b6f3","imageuploads/b763f649-35e8-4cbb-929e-d881d4117647.jpg","010-00082GP91.jpg","383b8ebe-021d-4986-b1cd-153a7652e7fe","636267","2022-05-04T09:43:28.930Z","2592"
"d14df1e7-1d7c-49c3-b47e-59b436e272d0","Image","2022-05-04T09:42:12.545Z","JPG","1944","eu-west-1:a1e6b3ad-3814-4def-88a2-e709e936b6f3","imageuploads/963c0591-069e-4b47-83b7-e5adc08dc303.jpg","010-00082BP40.jpg","383b8ebe-021d-4986-b1cd-153a7652e7fe","675560","2022-05-04T09:42:12.545Z","2592"
"15c007ef-ef3f-4c20-b0cf-b67a50ab9a9e","Image","2022-05-04T09:43:15.611Z","JPG","1944","eu-west-1:a1e6b3ad-3814-4def-88a2-e709e936b6f3","imageuploads/61a3875b-042e-4b33-9901-d06ec586d14e.jpg","010-00082GP12.jpg","383b8ebe-021d-4986-b1cd-153a7652e7fe","683040","2022-05-04T09:43:15.611Z","2592"
"c8758a12-7f59-40b0-94ae-62ed2b91a74a","Image","2022-05-04T09:43:40.019Z","JPG","1944","eu-west-1:a1e6b3ad-3814-4def-88a2-e709e936b6f3","imageuploads/da51f74e-63ba-456b-9202-a6bc5f218041.jpg","010-00082GP161.jpg","383b8ebe-021d-4986-b1cd-153a7652e7fe","721769","2022-05-04T09:43:40.019Z","2592"
"be4241a7-7880-4149-904a-7e2ffaf89fc2","Image","2022-05-04T09:42:10.811Z","JPG","1944","eu-west-1:a1e6b3ad-3814-4def-88a2-e709e936b6f3","imageuploads/3f521b35-35f5-4245-b752-522b27f1f8f7.jpg","010-00082BP30.jpg","383b8ebe-021d-4986-b1cd-153a7652e7fe","729546","2022-05-04T09:42:10.811Z","2592"
"58f442f8-7921-484a-ab46-5ea83ba6641a","Image","2022-05-04T09:43:54.885Z","JPG","1944","eu-west-1:a1e6b3ad-3814-4def-88a2-e709e936b6f3","imageuploads/b97b29bf-ae3f-4cbe-8e76-4982c5d80956.jpg","010-00082GP253.jpg","383b8ebe-021d-4986-b1cd-153a7652e7fe","752566","2022-05-04T09:43:54.885Z","2592"
"2a0ab4e7-eac7-4a38-b814-222860cdd414","Image","2022-05-06T12:51:13.960Z","JPG","1944","eu-west-1:a1e6b3ad-3814-4def-88a2-e709e936b6f3","imageuploads/f12a437a-ffac-4f3f-b7b2-e77afeadd007.jpg","010-00082BP81.jpg","fa2239d8-6a45-4cea-9fbf-a1f42beafb47","755863","2022-05-06T12:51:13.960Z","2592"
"b4d35c05-4d0b-48c8-a89b-e09881d20435","Image","2022-05-04T09:42:22.241Z","JPG","1944","eu-west-1:a1e6b3ad-3814-4def-88a2-e709e936b6f3","imageuploads/16585c9f-c977-42a8-a2f2-411113ec34bb.jpg","010-00082BP93.jpg","383b8ebe-021d-4986-b1cd-153a7652e7fe","773448","2022-05-04T09:42:22.241Z","2592"
"bd7ad9e3-d90f-4924-80fc-e67e5979e7be","Image","2022-05-04T09:43:47.441Z","JPG","1944","eu-west-1:a1e6b3ad-3814-4def-88a2-e709e936b6f3","imageuploads/f657f101-c3ea-4786-bc1e-51bdc0837f2d.jpg","010-00082GP206.jpg","383b8ebe-021d-4986-b1cd-153a7652e7fe","783326","2022-05-04T09:43:47.441Z","2592"
"65f56fef-14d3-4333-b2e3-4fc154fb7ba3","Image","2022-05-06T12:51:15.574Z","JPG","1944","eu-west-1:a1e6b3ad-3814-4def-88a2-e709e936b6f3","imageuploads/56feed3e-d316-4acb-893b-5a5f2150994e.jpg","010-00082GP88.jpg","fa2239d8-6a45-4cea-9fbf-a1f42beafb47","680717","2022-05-06T12:51:15.574Z","2592"
"4be6ee50-bd3f-44c2-aa37-53152c913b4b","Image","2022-05-04T09:43:35.441Z","JPG","1944","eu-west-1:a1e6b3ad-3814-4def-88a2-e709e936b6f3","imageuploads/13cba7be-69b4-4f3c-b12b-bf0188edfab8.jpg","010-00082GP133.jpg","383b8ebe-021d-4986-b1cd-153a7652e7fe","691234","2022-05-04T09:43:35.441Z","2592"
"5bdedc13-cea0-40f7-8658-ce31a354f24f","Image","2022-05-04T09:42:16.287Z","JPG","1944","eu-west-1:a1e6b3ad-3814-4def-88a2-e709e936b6f3","imageuploads/097cc4d5-d6df-479f-a7e7-4d9dff5c8bd7.jpg","010-00082BP61.jpg","383b8ebe-021d-4986-b1cd-153a7652e7fe","818161","2022-05-04T09:42:16.287Z","2592"
"0f2cdf4b-c544-4288-9c04-cf9f104e3db5","Image","2022-05-04T09:43:46.308Z","JPG","1944","eu-west-1:a1e6b3ad-3814-4def-88a2-e709e936b6f3","imageuploads/e290b878-58e4-4afe-9f21-4b32917ea813.jpg","010-00082GP203.jpg","383b8ebe-021d-4986-b1cd-153a7652e7fe","767889","2022-05-04T09:43:46.308Z","2592"
"ad398620-83b5-49ed-944b-0be89ffe16df","Image","2022-05-06T11:39:59.168Z","JPG","1944","eu-west-1:a1e6b3ad-3814-4def-88a2-e709e936b6f3","imageuploads/adddd90e-6566-4341-acd7-834489617b85.jpg","010-00082BP18.jpg","fa2239d8-6a45-4cea-9fbf-a1f42beafb47","828952","2022-05-06T11:39:59.168Z","2592"
"6795bfde-c401-4ef6-84cd-333d3c355505","Image","2022-05-04T09:42:23.107Z","JPG","1944","eu-west-1:a1e6b3ad-3814-4def-88a2-e709e936b6f3","imageuploads/af21bb50-6f92-494e-a00a-fbd0da7b96e9.jpg","010-00082BP99.jpg","383b8ebe-021d-4986-b1cd-153a7652e7fe","791470","2022-05-04T09:42:23.107Z","2592"
"500b9d14-7b95-4f8b-8323-fee2c06fe24c","Image","2022-05-04T09:43:47.004Z","JPG","1944","eu-west-1:a1e6b3ad-3814-4def-88a2-e709e936b6f3","imageuploads/7209591d-bccc-4949-9202-df48c1a8d033.jpg","010-00082GP196.jpg","383b8ebe-021d-4986-b1cd-153a7652e7fe","738828","2022-05-04T09:43:47.004Z","2592"
"b3388d78-a263-44b0-8b25-4131ebcb9a6f","Image","2022-05-04T09:42:28.576Z","JPG","1944","eu-west-1:a1e6b3ad-3814-4def-88a2-e709e936b6f3","imageuploads/6b3a01a9-39de-4a37-9656-c0d703b80582.jpg","010-00082BP125.jpg","383b8ebe-021d-4986-b1cd-153a7652e7fe","783075","2022-05-04T09:42:28.576Z","2592"
"d232374d-2b6c-4af7-987d-c3e7670aed98","Image","2022-05-04T09:43:14.127Z","JPG","1944","eu-west-1:a1e6b3ad-3814-4def-88a2-e709e936b6f3","imageuploads/d814c533-ce7b-49ba-866e-b1aa35090be1.jpg","010-00082GP7.jpg","383b8ebe-021d-4986-b1cd-153a7652e7fe","707876","2022-05-04T09:43:14.127Z","2592"
"2526a4bc-e361-4ad7-89b3-f104a66f85da","Image","2022-05-06T12:51:13.990Z","JPG","1944","eu-west-1:a1e6b3ad-3814-4def-88a2-e709e936b6f3","imageuploads/17ac57cd-2655-4927-a2dd-140389da316f.jpg","010-00082GP21.jpg","fa2239d8-6a45-4cea-9fbf-a1f42beafb47","660968","2022-05-06T12:51:13.990Z","2592"
"2c2d508b-18d0-4819-95b7-d63ad78573ee","Image","2022-05-04T09:43:28.918Z","JPG","1944","eu-west-1:a1e6b3ad-3814-4def-88a2-e709e936b6f3","imageuploads/bf8213c5-72d4-4791-9929-cec78c0d87d4.jpg","010-00082GP100.jpg","383b8ebe-021d-4986-b1cd-153a7652e7fe","700888","2022-05-04T09:43:28.918Z","2592"
"78c22c74-454b-4068-abd5-f9198738e930","Image","2022-05-04T09:42:30.766Z","JPG","1944","eu-west-1:a1e6b3ad-3814-4def-88a2-e709e936b6f3","imageuploads/df6df28a-4a7d-4509-96c3-65fd2ad06d1d.jpg","010-00082BP140.jpg","383b8ebe-021d-4986-b1cd-153a7652e7fe","803990","2022-05-04T09:42:30.766Z","2592"
"8d17f81b-d5b1-4520-a5c6-80f126b8a39c","Image","2022-05-04T09:42:16.844Z","JPG","1944","eu-west-1:a1e6b3ad-3814-4def-88a2-e709e936b6f3","imageuploads/06bbc443-7092-4dad-98f9-b55df1bf7930.jpg","010-00082BP68.jpg","383b8ebe-021d-4986-b1cd-153a7652e7fe","672253","2022-05-04T09:42:16.844Z","2592"
"412047f7-2eb7-4104-ad76-1765493ad204","Image","2022-05-04T09:43:20.019Z","JPG","1944","eu-west-1:a1e6b3ad-3814-4def-88a2-e709e936b6f3","imageuploads/e1949b42-7394-43cf-be5e-0af330b5edbb.jpg","010-00082GP36.jpg","383b8ebe-021d-4986-b1cd-153a7652e7fe","646163","2022-05-04T09:43:20.019Z","2592"
"3d133d65-886d-4c7c-a33c-ec5626245adc","Image","2022-05-04T09:43:54.650Z","JPG","1944","eu-west-1:a1e6b3ad-3814-4def-88a2-e709e936b6f3","imageuploads/8dc6e37c-6f0a-4ebb-a600-ddd15eed91c4.jpg","010-00082GP250.jpg","383b8ebe-021d-4986-b1cd-153a7652e7fe","826022","2022-05-04T09:43:54.650Z","2592"
"0559051c-b64d-4b09-be3e-9c0d3636a0f9","Image","2022-05-04T09:42:19.292Z","JPG","1944","eu-west-1:a1e6b3ad-3814-4def-88a2-e709e936b6f3","imageuploads/2d12889f-c290-4118-91b9-ad6ebab532b4.jpg","010-00082BP73.jpg","383b8ebe-021d-4986-b1cd-153a7652e7fe","817199","2022-05-04T09:42:19.292Z","2592"
"978eca53-c384-4ebb-a04d-253f7ba824fa","Image","2022-05-04T09:43:18.199Z","JPG","1944","eu-west-1:a1e6b3ad-3814-4def-88a2-e709e936b6f3","imageuploads/3190ef35-4ad5-4159-b58f-fcd9e19ed89c.jpg","010-00082GP33.jpg","383b8ebe-021d-4986-b1cd-153a7652e7fe","687221","2022-05-04T09:43:18.199Z","2592"
"83913fdc-a429-465a-ad70-cb5013ce65aa","Image","2022-05-04T09:42:32.168Z","JPG","1944","eu-west-1:a1e6b3ad-3814-4def-88a2-e709e936b6f3","imageuploads/3267df3d-3203-495b-b734-f0834418b239.jpg","010-00082BP149.jpg","383b8ebe-021d-4986-b1cd-153a7652e7fe","857675","2022-05-04T09:42:32.168Z","2592"
"43a3017e-b60e-4be8-9233-5561a24492ad","Image","2022-05-04T09:43:53.358Z","JPG","1944","eu-west-1:a1e6b3ad-3814-4def-88a2-e709e936b6f3","imageuploads/44306e64-86e7-48c7-b2e5-24fd9e62b3df.jpg","010-00082GP243.jpg","383b8ebe-021d-4986-b1cd-153a7652e7fe","841762","2022-05-04T09:43:53.358Z","2592"
"f63e6ef8-e2ad-4f68-a60b-a8cdfe0b2cd4","Image","2022-05-04T09:43:41.972Z","JPG","1944","eu-west-1:a1e6b3ad-3814-4def-88a2-e709e936b6f3","imageuploads/f5cb9cee-2b8c-43a7-9562-67edd2b0ccc0.jpg","010-00082GP178.jpg","383b8ebe-021d-4986-b1cd-153a7652e7fe","737926","2022-05-04T09:43:41.972Z","2592"
"c1d048a3-b5ca-410a-a4fe-fabbcc420029","Image","2022-05-04T09:43:50.244Z","JPG","1944","eu-west-1:a1e6b3ad-3814-4def-88a2-e709e936b6f3","imageuploads/0afb8343-dfcf-474b-9451-c926a8df1094.jpg","010-00082GP227.jpg","383b8ebe-021d-4986-b1cd-153a7652e7fe","760918","2022-05-04T09:43:50.244Z","2592"
"935894df-0803-452f-b8ff-7f41f81b74c5","Image","2022-05-04T09:43:29.891Z","JPG","1944","eu-west-1:a1e6b3ad-3814-4def-88a2-e709e936b6f3","imageuploads/f588b72d-5630-4a37-9482-c0faac9aa62d.jpg","010-00082GP105.jpg","383b8ebe-021d-4986-b1cd-153a7652e7fe","655486","2022-05-04T09:43:29.891Z","2592"
"9b61af0a-5796-43f2-a2d3-977d68c5b6fa","Image","2022-05-04T09:43:44.371Z","JPG","1944","eu-west-1:a1e6b3ad-3814-4def-88a2-e709e936b6f3","imageuploads/17e44b7d-3bef-4dda-b83b-119f83abb8e0.jpg","010-00082GP189.jpg","383b8ebe-021d-4986-b1cd-153a7652e7fe","722598","2022-05-04T09:43:44.371Z","2592"
"5eb1b702-e3d5-468e-a919-d09a6a63e1d3","Image","2022-05-04T09:43:24.774Z","JPG","1944","eu-west-1:a1e6b3ad-3814-4def-88a2-e709e936b6f3","imageuploads/5979c85f-0191-4771-a6a6-9a8cc9f0c7d7.jpg","010-00082GP71.jpg","383b8ebe-021d-4986-b1cd-153a7652e7fe","627502","2022-05-04T09:43:24.774Z","2592"
"da79da99-e93e-4e1d-abd9-adbe3d029007","Image","2022-05-04T09:43:49.640Z","JPG","1944","eu-west-1:a1e6b3ad-3814-4def-88a2-e709e936b6f3","imageuploads/3b0c83f0-d71c-4515-b853-ec722b38faaf.jpg","010-00082GP225.jpg","383b8ebe-021d-4986-b1cd-153a7652e7fe","796839","2022-05-04T09:43:49.640Z","2592"
"6e96513f-319c-4ab1-8d61-f6ba9bad4f53","Image","2022-05-04T09:43:42.593Z","JPG","1944","eu-west-1:a1e6b3ad-3814-4def-88a2-e709e936b6f3","imageuploads/3a53e0af-2819-4d2a-8fad-c2d139d5796f.jpg","010-00082GP184.jpg","383b8ebe-021d-4986-b1cd-153a7652e7fe","727147","2022-05-04T09:43:42.593Z","2592"
"3cae4395-9ac2-4bc6-a0d4-41be3ed7c2f3","Image","2022-05-04T09:43:22.387Z","JPG","1944","eu-west-1:a1e6b3ad-3814-4def-88a2-e709e936b6f3","imageuploads/314ffde6-6198-4a9f-a007-5e6ed6afa94a.jpg","010-00082GP52.jpg","383b8ebe-021d-4986-b1cd-153a7652e7fe","608695","2022-05-04T09:43:22.387Z","2592"
"b3bfe352-75f9-471b-93dd-6067f6234728","Image","2022-05-04T09:42:25.397Z","JPG","1944","eu-west-1:a1e6b3ad-3814-4def-88a2-e709e936b6f3","imageuploads/d68cb28a-3e5c-457f-aad4-6e7f1614a65f.jpg","010-00082BP107.jpg","383b8ebe-021d-4986-b1cd-153a7652e7fe","782644","2022-05-04T09:42:25.397Z","2592"
"253ea910-e0c7-471e-8192-a88fc6528e91","Image","2022-05-04T09:42:05.881Z","JPG","1944","eu-west-1:a1e6b3ad-3814-4def-88a2-e709e936b6f3","imageuploads/bb8f8258-6213-4ee8-9e59-f355416201c7.jpg","010-00082BP4.jpg","383b8ebe-021d-4986-b1cd-153a7652e7fe","693494","2022-05-04T09:42:05.881Z","2592"
"eb3d1908-4ac7-42bc-89f0-0b2ec7c34e05","Image","2022-05-04T09:43:13.535Z","JPG","1944","eu-west-1:a1e6b3ad-3814-4def-88a2-e709e936b6f3","imageuploads/623593d9-c96a-40e8-8c3c-4b73e97a2c1a.jpg","010-00082GP3.jpg","383b8ebe-021d-4986-b1cd-153a7652e7fe","571741","2022-05-04T09:43:13.535Z","2592"
"27b46c63-2184-44f8-94f3-3fafb37c47d9","Image","2022-05-04T09:43:39.171Z","JPG","1944","eu-west-1:a1e6b3ad-3814-4def-88a2-e709e936b6f3","imageuploads/c4c63876-207e-4f11-afeb-9997236a2e4c.jpg","010-00082GP164.jpg","383b8ebe-021d-4986-b1cd-153a7652e7fe","724302","2022-05-04T09:43:39.171Z","2592"
"733f0891-c9c7-4aaa-b6e1-c56840e71db3","Image","2022-05-04T09:43:53.352Z","JPG","1944","eu-west-1:a1e6b3ad-3814-4def-88a2-e709e936b6f3","imageuploads/9355321c-1092-47ea-9030-9eec5326b52e.jpg","010-00082GP241.jpg","383b8ebe-021d-4986-b1cd-153a7652e7fe","792529","2022-05-04T09:43:53.352Z","2592"
"3f491b1f-114d-4440-9356-66e32eadc77a","Image","2022-05-04T09:42:31.527Z","JPG","1944","eu-west-1:a1e6b3ad-3814-4def-88a2-e709e936b6f3","imageuploads/f77ec7b6-6f67-4d08-af0e-dcb12e7477ae.jpg","010-00082BP143.jpg","383b8ebe-021d-4986-b1cd-153a7652e7fe","845136","2022-05-04T09:42:31.527Z","2592"
"ea5877b6-5296-4bd3-8b23-5511b36540dd","Image","2022-05-06T12:51:14.731Z","JPG","1944","eu-west-1:a1e6b3ad-3814-4def-88a2-e709e936b6f3","imageuploads/f61eec31-1e4e-45c5-ae62-c6e9783373ed.jpg","010-00082GP30.jpg","fa2239d8-6a45-4cea-9fbf-a1f42beafb47","678610","2022-05-06T12:51:14.731Z","2592"
"f1924b36-e84a-4fd2-afff-e671500250d9","Image","2022-05-04T09:43:20.221Z","JPG","1944","eu-west-1:a1e6b3ad-3814-4def-88a2-e709e936b6f3","imageuploads/18ccd33e-d284-4dcb-9b97-bcbd4152c54d.jpg","010-00082GP40.jpg","383b8ebe-021d-4986-b1cd-153a7652e7fe","652297","2022-05-04T09:43:20.221Z","2592"
"6a5d5f4f-7e53-4958-9323-52edce023c7b","Image","2022-05-04T09:43:42.788Z","JPG","1944","eu-west-1:a1e6b3ad-3814-4def-88a2-e709e936b6f3","imageuploads/32c91d98-2cce-4ac7-a2ed-c5c44f6a0e74.jpg","010-00082GP180.jpg","383b8ebe-021d-4986-b1cd-153a7652e7fe","726774","2022-05-04T09:43:42.788Z","2592"
"f541b98f-fbf1-481b-a884-2e96ea3054f0","Image","2022-05-04T09:43:34.882Z","JPG","1944","eu-west-1:a1e6b3ad-3814-4def-88a2-e709e936b6f3","imageuploads/ff922bc0-6165-48ac-8a2b-c2224d4b6797.jpg","010-00082GP127.jpg","383b8ebe-021d-4986-b1cd-153a7652e7fe","728935","2022-05-04T09:43:34.882Z","2592"
"978730fa-1d5f-47d1-8364-4b428302b138","Image","2022-05-04T09:43:47.361Z","JPG","1944","eu-west-1:a1e6b3ad-3814-4def-88a2-e709e936b6f3","imageuploads/3ec76db5-7e6f-4990-bb39-60c0436df140.jpg","010-00082GP210.jpg","383b8ebe-021d-4986-b1cd-153a7652e7fe","729144","2022-05-04T09:43:47.361Z","2592"
"cb1d2e31-fb94-4603-aa28-542d5ea39048","Image","2022-05-04T09:42:09.309Z","JPG","1944","eu-west-1:a1e6b3ad-3814-4def-88a2-e709e936b6f3","imageuploads/37baf351-b384-4cd2-a639-f02f8b780d1b.jpg","010-00082BP25.jpg","383b8ebe-021d-4986-b1cd-153a7652e7fe","791010","2022-05-04T09:42:09.309Z","2592"
"3b861a22-86b9-41e7-b0cf-80369e558506","Image","2022-05-04T09:43:22.937Z","JPG","1944","eu-west-1:a1e6b3ad-3814-4def-88a2-e709e936b6f3","imageuploads/8020bbfd-c7db-46f4-ab4c-aa1b09f720dd.jpg","010-00082GP61.jpg","383b8ebe-021d-4986-b1cd-153a7652e7fe","650939","2022-05-04T09:43:22.937Z","2592"
"2dc97bd9-a563-4c0b-9a06-5e3690728bdf","Image","2022-05-04T09:43:21.597Z","JPG","1944","eu-west-1:a1e6b3ad-3814-4def-88a2-e709e936b6f3","imageuploads/5ccafb92-e254-494c-ba18-3b1059cd4d2c.jpg","010-00082GP56.jpg","383b8ebe-021d-4986-b1cd-153a7652e7fe","645990","2022-05-04T09:43:21.597Z","2592"
"4080e19b-9471-4e5d-9574-19e51668dae8","Image","2022-05-04T09:43:26.226Z","JPG","1944","eu-west-1:a1e6b3ad-3814-4def-88a2-e709e936b6f3","imageuploads/30259730-f25f-4241-9341-efbf76034a3a.jpg","010-00082GP75.jpg","383b8ebe-021d-4986-b1cd-153a7652e7fe","638529","2022-05-04T09:43:26.226Z","2592"
"e0919262-4d6b-46f4-b1df-1901c0b705c1","Image","2022-05-04T09:42:32.689Z","JPG","1944","eu-west-1:a1e6b3ad-3814-4def-88a2-e709e936b6f3","imageuploads/3461fe09-ea33-44d8-b517-91238dc0ae30.jpg","010-00082BP152.jpg","383b8ebe-021d-4986-b1cd-153a7652e7fe","806077","2022-05-04T09:42:32.689Z","2592"
"3a1cbf27-0e1c-4098-bf72-9ccb2bb0448b","Image","2022-05-04T09:42:15.901Z","JPG","1944","eu-west-1:a1e6b3ad-3814-4def-88a2-e709e936b6f3","imageuploads/44803e04-2799-4dda-9bc0-b79d0adb1e32.jpg","010-00082BP48.jpg","383b8ebe-021d-4986-b1cd-153a7652e7fe","656869","2022-05-04T09:42:15.901Z","2592"
"7f20d9fc-df20-43cf-8b3b-606792a52184","Image","2022-05-04T09:43:54.677Z","JPG","1944","eu-west-1:a1e6b3ad-3814-4def-88a2-e709e936b6f3","imageuploads/20fec34d-8b8b-4a33-86b3-34e2d549a617.jpg","010-00082GP246.jpg","383b8ebe-021d-4986-b1cd-153a7652e7fe","842331","2022-05-04T09:43:54.677Z","2592"
"66174fe0-2cc2-4337-b074-e8d519e7efc4","Image","2022-05-04T09:42:13.791Z","JPG","1944","eu-west-1:a1e6b3ad-3814-4def-88a2-e709e936b6f3","imageuploads/f8a81fb7-9151-45a4-94d0-76b2f379d16c.jpg","010-00082BP46.jpg","383b8ebe-021d-4986-b1cd-153a7652e7fe","683413","2022-05-04T09:42:13.791Z","2592"
"7ddf948a-72db-4c81-ba14-7c893a238db3","Image","2022-05-04T09:43:21.133Z","JPG","1944","eu-west-1:a1e6b3ad-3814-4def-88a2-e709e936b6f3","imageuploads/d6506ba7-b8b1-4828-bd2c-faf11babcdf5.jpg","010-00082GP51.jpg","383b8ebe-021d-4986-b1cd-153a7652e7fe","622802","2022-05-04T09:43:21.133Z","2592"
"a7ddcceb-f040-4e1a-a65b-5e267968f095","Image","2022-05-04T09:43:13.379Z","JPG","1944","eu-west-1:a1e6b3ad-3814-4def-88a2-e709e936b6f3","imageuploads/ab39e57d-3cb5-4315-8362-e28aab8400fc.jpg","010-00082GP0.jpg","383b8ebe-021d-4986-b1cd-153a7652e7fe","557145","2022-05-04T09:43:13.379Z","2592"
"950071da-890a-40e8-9a50-a1e63dab39fa","Image","2022-05-04T09:43:23.198Z","JPG","1944","eu-west-1:a1e6b3ad-3814-4def-88a2-e709e936b6f3","imageuploads/62d84309-b79e-4d38-9fb3-56958d5e9113.jpg","010-00082GP67.jpg","383b8ebe-021d-4986-b1cd-153a7652e7fe","653133","2022-05-04T09:43:23.198Z","2592"
"fbdca111-b309-4e4d-b8f6-eb17e561bfc9","Image","2022-05-04T09:42:32.890Z","JPG","1944","eu-west-1:a1e6b3ad-3814-4def-88a2-e709e936b6f3","imageuploads/c639c015-0f6c-415b-aaec-64c3257d864f.jpg","010-00082BP151.jpg","383b8ebe-021d-4986-b1cd-153a7652e7fe","825946","2022-05-04T09:42:32.890Z","2592"
"221056f2-1077-400c-8257-1a1e1f26c11c","Image","2022-05-04T09:43:17.933Z","JPG","1944","eu-west-1:a1e6b3ad-3814-4def-88a2-e709e936b6f3","imageuploads/ae21032a-2a2b-46dc-a830-8f3f225b0464.jpg","010-00082GP31.jpg","383b8ebe-021d-4986-b1cd-153a7652e7fe","677053","2022-05-04T09:43:17.933Z","2592"
"d1bc1a9d-3f17-494d-822c-24de5fac48fc","Image","2022-05-04T09:43:17.909Z","JPG","1944","eu-west-1:a1e6b3ad-3814-4def-88a2-e709e936b6f3","imageuploads/6b0001b3-6b2e-4cca-b69a-c860d9192aa4.jpg","010-00082GP27.jpg","383b8ebe-021d-4986-b1cd-153a7652e7fe","663075","2022-05-04T09:43:17.909Z","2592"
"2fd00ee9-d32c-496a-ac33-2ad0f55ea0e0","Image","2022-05-04T09:43:21.112Z","JPG","1944","eu-west-1:a1e6b3ad-3814-4def-88a2-e709e936b6f3","imageuploads/ee6c7593-7bad-41c3-8221-f2abf8c538c2.jpg","010-00082GP47.jpg","383b8ebe-021d-4986-b1cd-153a7652e7fe","657852","2022-05-04T09:43:21.112Z","2592"
"dff1373b-f5b7-4897-8f55-1a3cffac38e1","Image","2022-05-04T09:42:07.637Z","JPG","1944","eu-west-1:a1e6b3ad-3814-4def-88a2-e709e936b6f3","imageuploads/7c2c8255-4f03-4617-a49e-5ac2c428344b.jpg","010-00082BP10.jpg","383b8ebe-021d-4986-b1cd-153a7652e7fe","690418","2022-05-04T09:42:07.637Z","2592"
"14c8486a-b59b-4d5a-872d-467f29858711","Image","2022-05-04T09:43:16.121Z","JPG","1944","eu-west-1:a1e6b3ad-3814-4def-88a2-e709e936b6f3","imageuploads/ed1f0ada-a1ce-4223-9967-e64cc4f57bae.jpg","010-00082GP17.jpg","383b8ebe-021d-4986-b1cd-153a7652e7fe","636941","2022-05-04T09:43:16.121Z","2592"
"33c8cf9c-aff9-4b70-9433-7a4c2b1781a0","Image","2022-05-04T09:42:32.330Z","JPG","1944","eu-west-1:a1e6b3ad-3814-4def-88a2-e709e936b6f3","imageuploads/79ebe9ac-75bc-42ba-b40f-9d0967cabab5.jpg","010-00082BP147.jpg","383b8ebe-021d-4986-b1cd-153a7652e7fe","811007","2022-05-04T09:42:32.330Z","2592"
"0ac7ddae-5f0c-46fa-8c2f-6bda6d594f97","Image","2022-05-04T09:43:33.181Z","JPG","1944","eu-west-1:a1e6b3ad-3814-4def-88a2-e709e936b6f3","imageuploads/75fd11dc-e38e-43b4-b40e-80eb40736a4b.jpg","010-00082GP115.jpg","383b8ebe-021d-4986-b1cd-153a7652e7fe","729702","2022-05-04T09:43:33.181Z","2592"
"0a96517d-719b-4c90-b0dd-c13da4f0e3b9","Image","2022-05-04T09:42:16.787Z","JPG","1944","eu-west-1:a1e6b3ad-3814-4def-88a2-e709e936b6f3","imageuploads/c8e010b7-714d-441f-a17a-c30cacc886c8.jpg","010-00082BP65.jpg","383b8ebe-021d-4986-b1cd-153a7652e7fe","698489","2022-05-04T09:42:16.787Z","2592"
"c48c5fe6-29eb-4ae0-8a20-d88829d79af0","Image","2022-05-04T09:43:51.940Z","JPG","1944","eu-west-1:a1e6b3ad-3814-4def-88a2-e709e936b6f3","imageuploads/a94494bc-07d8-4ccc-9af6-f35dc7e04676.jpg","010-00082GP229.jpg","383b8ebe-021d-4986-b1cd-153a7652e7fe","828769","2022-05-04T09:43:51.940Z","2592"
"13c56eab-e8e3-49fb-a005-10c54733e7ad","Image","2022-05-04T09:43:33.181Z","JPG","1944","eu-west-1:a1e6b3ad-3814-4def-88a2-e709e936b6f3","imageuploads/ffacd8a7-3024-49b4-a720-2c325b1fb379.jpg","010-00082GP123.jpg","383b8ebe-021d-4986-b1cd-153a7652e7fe","680214","2022-05-04T09:43:33.181Z","2592"
"17b63415-167a-40aa-b03c-476b143cd1ad","Image","2022-05-04T09:43:47.013Z","JPG","1944","eu-west-1:a1e6b3ad-3814-4def-88a2-e709e936b6f3","imageuploads/f445c99e-732e-4bce-a47e-ff4944a90c9c.jpg","010-00082GP204.jpg","383b8ebe-021d-4986-b1cd-153a7652e7fe","685650","2022-05-04T09:43:47.013Z","2592"
"c59ac4c0-db80-4eb0-914a-a65947ecd125","Image","2022-05-04T09:43:31.504Z","JPG","1944","eu-west-1:a1e6b3ad-3814-4def-88a2-e709e936b6f3","imageuploads/da07e93d-aa67-4ca7-8c47-0600983c4bf3.jpg","010-00082GP114.jpg","383b8ebe-021d-4986-b1cd-153a7652e7fe","676968","2022-05-04T09:43:31.504Z","2592"
"8553e00a-ecaa-4657-b0f5-4c3cb415f03d","Image","2022-05-04T09:42:09.683Z","JPG","1944","eu-west-1:a1e6b3ad-3814-4def-88a2-e709e936b6f3","imageuploads/8a6b04e3-26e2-495c-9b23-45a9385647cd.jpg","010-00082BP23.jpg","383b8ebe-021d-4986-b1cd-153a7652e7fe","698726","2022-05-04T09:42:09.683Z","2592"
"b2f5ded9-fac1-4207-ad3b-b8a1702258a7","Image","2022-05-04T09:42:13.449Z","JPG","1944","eu-west-1:a1e6b3ad-3814-4def-88a2-e709e936b6f3","imageuploads/4e059c73-1134-4798-b361-6dfe6beff1e5.jpg","010-00082BP39.jpg","383b8ebe-021d-4986-b1cd-153a7652e7fe","731351","2022-05-04T09:42:13.449Z","2592"
"c1f780d0-d911-43f8-980e-3b10c3dec18b","Image","2022-05-04T09:43:45.878Z","JPG","1944","eu-west-1:a1e6b3ad-3814-4def-88a2-e709e936b6f3","imageuploads/b77f8103-4908-47d5-9af9-81e08f762c3d.jpg","010-00082GP199.jpg","383b8ebe-021d-4986-b1cd-153a7652e7fe","747672","2022-05-04T09:43:45.878Z","2592"
"c5c2b9bb-c722-4cbb-8d2e-241fa64e16e9","Image","2022-05-04T09:42:33.926Z","JPG","1944","eu-west-1:a1e6b3ad-3814-4def-88a2-e709e936b6f3","imageuploads/f75f6bce-180b-42b6-ae10-95950f956ac4.jpg","010-00082BP155.jpg","383b8ebe-021d-4986-b1cd-153a7652e7fe","816616","2022-05-04T09:42:33.926Z","2592"
"b9edba69-8fb6-47c5-a8e8-740ae10b4136","Image","2022-05-04T09:42:29.044Z","JPG","1944","eu-west-1:a1e6b3ad-3814-4def-88a2-e709e936b6f3","imageuploads/4c564d43-d122-408b-be95-577c7453920a.jpg","010-00082BP130.jpg","383b8ebe-021d-4986-b1cd-153a7652e7fe","779474","2022-05-04T09:42:29.044Z","2592"
"144cd375-c4b9-4cb2-a033-f93d4271153f","Image","2022-05-04T09:43:30.430Z","JPG","1944","eu-west-1:a1e6b3ad-3814-4def-88a2-e709e936b6f3","imageuploads/ad4aea1f-b1c1-4ea1-a700-8727e37bdf8c.jpg","010-00082GP107.jpg","383b8ebe-021d-4986-b1cd-153a7652e7fe","644323","2022-05-04T09:43:30.430Z","2592"
"03e2f024-8f50-4ef2-a12a-6673e2146ee1","Image","2022-05-04T09:43:33.898Z","JPG","1944","eu-west-1:a1e6b3ad-3814-4def-88a2-e709e936b6f3","imageuploads/cd839d66-8f6d-4e2f-99f7-acc6c80b3686.jpg","010-00082GP129.jpg","383b8ebe-021d-4986-b1cd-153a7652e7fe","663805","2022-05-04T09:43:33.898Z","2592"
"793ed6f4-5c62-4a0d-ac04-9ed7ec2bbfa9","Image","2022-05-04T09:43:40.339Z","JPG","1944","eu-west-1:a1e6b3ad-3814-4def-88a2-e709e936b6f3","imageuploads/118d6418-209f-45bc-ab48-f797a479b228.jpg","010-00082GP165.jpg","383b8ebe-021d-4986-b1cd-153a7652e7fe","710190","2022-05-04T09:43:40.339Z","2592"
"a5bbb06a-bfe7-452d-b259-911d6f354cee","Image","2022-05-04T09:42:07.137Z","JPG","1944","eu-west-1:a1e6b3ad-3814-4def-88a2-e709e936b6f3","imageuploads/6b1e2149-c86a-4b86-a364-d001f2ad3919.jpg","010-00082BP8.jpg","383b8ebe-021d-4986-b1cd-153a7652e7fe","683039","2022-05-04T09:42:07.137Z","2592"
"5b57e5bb-cc55-4dd4-8749-9a620e75efa8","Image","2022-05-04T09:42:18.426Z","JPG","1944","eu-west-1:a1e6b3ad-3814-4def-88a2-e709e936b6f3","imageuploads/a24d74ae-7fc7-4f1b-ae1a-5a20ed21ea5c.jpg","010-00082BP74.jpg","383b8ebe-021d-4986-b1cd-153a7652e7fe","767344","2022-05-04T09:42:18.426Z","2592"
"cef3953d-fb8a-437b-89b5-6b673e9dd49c","Image","2022-05-04T09:43:30.336Z","JPG","1944","eu-west-1:a1e6b3ad-3814-4def-88a2-e709e936b6f3","imageuploads/d72ba1ff-ca87-41ba-b418-f625c70b718e.jpg","010-00082GP111.jpg","383b8ebe-021d-4986-b1cd-153a7652e7fe","709809","2022-05-04T09:43:30.336Z","2592"
"969d841d-e614-4820-aeb3-6adf314615d9","Image","2022-05-04T09:43:32.695Z","JPG","1944","eu-west-1:a1e6b3ad-3814-4def-88a2-e709e936b6f3","imageuploads/732d3e40-1ccb-445b-ac97-39282a222f99.jpg","010-00082GP125.jpg","383b8ebe-021d-4986-b1cd-153a7652e7fe","715930","2022-05-04T09:43:32.695Z","2592"
"b90c5a7e-1335-465b-bce5-a81cea3d5a08","Image","2022-05-04T09:43:33.727Z","JPG","1944","eu-west-1:a1e6b3ad-3814-4def-88a2-e709e936b6f3","imageuploads/855582ff-9d45-4e22-bd06-1cd0f230e901.jpg","010-00082GP132.jpg","383b8ebe-021d-4986-b1cd-153a7652e7fe","735776","2022-05-04T09:43:33.727Z","2592"
"953231ba-5940-4d39-8844-4c9144f822bd","Image","2022-05-04T09:43:46.739Z","JPG","1944","eu-west-1:a1e6b3ad-3814-4def-88a2-e709e936b6f3","imageuploads/254b7e91-7479-4851-9ace-20a62d5d452e.jpg","010-00082GP205.jpg","383b8ebe-021d-4986-b1cd-153a7652e7fe","762573","2022-05-04T09:43:46.739Z","2592"
"f7efcbc3-4377-48d4-95b5-aef075995244","Image","2022-05-04T09:43:14.594Z","JPG","1944","eu-west-1:a1e6b3ad-3814-4def-88a2-e709e936b6f3","imageuploads/ad1a3c81-59c2-4e55-88b3-9203248609bb.jpg","010-00082GP10.jpg","383b8ebe-021d-4986-b1cd-153a7652e7fe","660148","2022-05-04T09:43:14.594Z","2592"
"35667b32-590b-4a7f-b9f1-2ee27c432ef9","Image","2022-05-04T09:43:51.512Z","JPG","1944","eu-west-1:a1e6b3ad-3814-4def-88a2-e709e936b6f3","imageuploads/594c0c0d-1607-4865-9bba-b1729bb1d0c7.jpg","010-00082GP233.jpg","383b8ebe-021d-4986-b1cd-153a7652e7fe","719462","2022-05-04T09:43:51.512Z","2592"
"6b738494-f1bf-4f50-8efa-6fc65b9dda0d","Image","2022-05-04T09:42:34.067Z","JPG","1944","eu-west-1:a1e6b3ad-3814-4def-88a2-e709e936b6f3","imageuploads/b2c290c8-eaa1-4dfd-ac0b-1fc30460b02f.jpg","010-00082BP158.jpg","383b8ebe-021d-4986-b1cd-153a7652e7fe","744502","2022-05-04T09:42:34.067Z","2592"
"53f71143-b050-4e6f-80f0-aeeb4adc6801","Image","2022-05-04T09:43:28.907Z","JPG","1944","eu-west-1:a1e6b3ad-3814-4def-88a2-e709e936b6f3","imageuploads/2d79818f-6c8f-4bf3-b09d-8ce29f33072d.jpg","010-00082GP95.jpg","383b8ebe-021d-4986-b1cd-153a7652e7fe","644736","2022-05-04T09:43:28.907Z","2592"
"d8e4379f-308c-470b-8e07-fed11a7dca33","Image","2022-05-04T09:43:25.015Z","JPG","1944","eu-west-1:a1e6b3ad-3814-4def-88a2-e709e936b6f3","imageuploads/dd0a447c-4687-483a-ad01-eca636f8c496.jpg","010-00082GP77.jpg","383b8ebe-021d-4986-b1cd-153a7652e7fe","677394","2022-05-04T09:43:25.015Z","2592"
"90cb622a-0eae-4fc8-bdb0-ffba634177c8","Image","2022-05-04T09:42:23.635Z","JPG","1944","eu-west-1:a1e6b3ad-3814-4def-88a2-e709e936b6f3","imageuploads/1bd09d80-7901-45b1-a086-e19997fd83d5.jpg","010-00082BP104.jpg","383b8ebe-021d-4986-b1cd-153a7652e7fe","792681","2022-05-04T09:42:23.635Z","2592"
"aa26225e-a158-41d0-a1fd-99b66c0b01c3","Image","2022-05-04T09:42:07.053Z","JPG","1944","eu-west-1:a1e6b3ad-3814-4def-88a2-e709e936b6f3","imageuploads/34d9af7c-dcca-4d6e-b0db-fc8c3cb4b2b0.jpg","010-00082BP6.jpg","383b8ebe-021d-4986-b1cd-153a7652e7fe","766152","2022-05-04T09:42:07.053Z","2592"
"7903932b-26f3-43a2-920c-244ab7ac9a4a","Image","2022-05-04T09:43:51.513Z","JPG","1944","eu-west-1:a1e6b3ad-3814-4def-88a2-e709e936b6f3","imageuploads/267a2100-899d-4134-a0e6-d5a7e5aca9f4.jpg","010-00082GP224.jpg","383b8ebe-021d-4986-b1cd-153a7652e7fe","719214","2022-05-04T09:43:51.513Z","2592"
"fc5318ef-d680-4692-a331-e4f56a4543a8","Image","2022-05-04T09:43:20.208Z","JPG","1944","eu-west-1:a1e6b3ad-3814-4def-88a2-e709e936b6f3","imageuploads/a10ccf43-1c8c-4ae1-8c29-5e2ac46be8df.jpg","010-00082GP45.jpg","383b8ebe-021d-4986-b1cd-153a7652e7fe","654969","2022-05-04T09:43:20.208Z","2592"
"f495eaf5-7665-43b7-960b-80b050782ca8","Image","2022-05-04T09:43:48.540Z","JPG","1944","eu-west-1:a1e6b3ad-3814-4def-88a2-e709e936b6f3","imageuploads/f5f5313a-0853-4609-8233-d456666f98ae.jpg","010-00082GP217.jpg","383b8ebe-021d-4986-b1cd-153a7652e7fe","726680","2022-05-04T09:43:48.540Z","2592"
"6f4979ed-1643-4295-959e-614b38dc70de","Image","2022-05-04T09:42:05.927Z","JPG","1944","eu-west-1:a1e6b3ad-3814-4def-88a2-e709e936b6f3","imageuploads/cca6b4f8-4120-4870-b2b5-e0e1a1246b0b.jpg","010-00082BP2.jpg","383b8ebe-021d-4986-b1cd-153a7652e7fe","786462","2022-05-04T09:42:05.927Z","2592"
"70140747-4fab-4847-b704-c0988b400b82","Image","2022-05-04T09:42:29.516Z","JPG","1944","eu-west-1:a1e6b3ad-3814-4def-88a2-e709e936b6f3","imageuploads/e32fc208-e842-447a-bdf8-08c0e3f5ab01.jpg","010-00082BP135.jpg","383b8ebe-021d-4986-b1cd-153a7652e7fe","741668","2022-05-04T09:42:29.516Z","2592"
"e99b0139-f417-46f4-a565-39caf4e07bd2","Image","2022-05-04T09:42:16.235Z","JPG","1944","eu-west-1:a1e6b3ad-3814-4def-88a2-e709e936b6f3","imageuploads/d2b129ce-8b0c-4c9b-a8bc-271488c93259.jpg","010-00082BP59.jpg","383b8ebe-021d-4986-b1cd-153a7652e7fe","740716","2022-05-04T09:42:16.235Z","2592"
"7ee4e977-1fb9-4e05-b52c-c0868ec1bd85","Image","2022-05-04T09:43:44.227Z","JPG","1944","eu-west-1:a1e6b3ad-3814-4def-88a2-e709e936b6f3","imageuploads/9df33c5f-307f-4ed1-8f62-9c64a0a89e91.jpg","010-00082GP190.jpg","383b8ebe-021d-4986-b1cd-153a7652e7fe","741320","2022-05-04T09:43:44.227Z","2592"
"9f151070-0690-4f4f-bbbe-dab59c35ba7b","Image","2022-05-04T09:42:07.211Z","JPG","1944","eu-west-1:a1e6b3ad-3814-4def-88a2-e709e936b6f3","imageuploads/5b1ebb0a-171e-4dc9-9a60-e055f3f8766c.jpg","010-00082BP11.jpg","383b8ebe-021d-4986-b1cd-153a7652e7fe","650039","2022-05-04T09:42:07.211Z","2592"
"b7b67f65-132b-46d2-9bc3-66bb6ef773d9","Image","2022-05-04T09:42:22.522Z","JPG","1944","eu-west-1:a1e6b3ad-3814-4def-88a2-e709e936b6f3","imageuploads/a27dd4b6-da20-49d7-a98b-5eee694ca701.jpg","010-00082BP94.jpg","383b8ebe-021d-4986-b1cd-153a7652e7fe","801503","2022-05-04T09:42:22.522Z","2592"
"493e3d06-5854-4835-8a7a-399b8db63845","Image","2022-05-04T09:43:25.559Z","JPG","1944","eu-west-1:a1e6b3ad-3814-4def-88a2-e709e936b6f3","imageuploads/b2274546-5d54-4667-85e7-dd46ec8d951d.jpg","010-00082GP82.jpg","383b8ebe-021d-4986-b1cd-153a7652e7fe","644408","2022-05-04T09:43:25.559Z","2592"
"e18fedf1-97dc-4ee9-b732-5a0377b0926e","Image","2022-05-04T09:42:08.492Z","JPG","1944","eu-west-1:a1e6b3ad-3814-4def-88a2-e709e936b6f3","imageuploads/6bf12b2f-4e3e-414d-8999-d12a6665904e.jpg","010-00082BP16.jpg","383b8ebe-021d-4986-b1cd-153a7652e7fe","673790","2022-05-04T09:42:08.492Z","2592"
"9dc8cda0-e748-4a7d-9ff6-a81b273ad8c7","Image","2022-05-04T09:43:24.335Z","JPG","1944","eu-west-1:a1e6b3ad-3814-4def-88a2-e709e936b6f3","imageuploads/2a2c48eb-be55-418d-9666-6cc39db69c21.jpg","010-00082GP70.jpg","383b8ebe-021d-4986-b1cd-153a7652e7fe","657900","2022-05-04T09:43:24.335Z","2592"
"4df7200f-a2d7-4043-8f9b-8ca86b934edb","Image","2022-05-04T09:43:17.925Z","JPG","1944","eu-west-1:a1e6b3ad-3814-4def-88a2-e709e936b6f3","imageuploads/03199a61-18a5-40e9-8282-00f5279a0cb4.jpg","010-00082GP29.jpg","383b8ebe-021d-4986-b1cd-153a7652e7fe","678173","2022-05-04T09:43:17.925Z","2592"
"22ef9193-90e5-44a4-8354-51e633ad5133","Image","2022-05-04T09:43:18.654Z","JPG","1944","eu-west-1:a1e6b3ad-3814-4def-88a2-e709e936b6f3","imageuploads/02af1b79-a19a-405a-855a-18d732dfdfa3.jpg","010-00082GP39.jpg","383b8ebe-021d-4986-b1cd-153a7652e7fe","664685","2022-05-04T09:43:18.654Z","2592"
"1cd70460-f60c-40ea-b3b8-1833f7bd3ba3","Image","2022-05-04T09:43:34.438Z","JPG","1944","eu-west-1:a1e6b3ad-3814-4def-88a2-e709e936b6f3","imageuploads/874740ac-2e20-4a73-8c9b-357feea245b0.jpg","010-00082GP134.jpg","383b8ebe-021d-4986-b1cd-153a7652e7fe","685741","2022-05-04T09:43:34.438Z","2592"
"c6d728cb-b433-49f5-811b-6acee3c15b84","Image","2022-05-04T09:43:36.706Z","JPG","1944","eu-west-1:a1e6b3ad-3814-4def-88a2-e709e936b6f3","imageuploads/9e24ed58-d420-4f4d-822e-43d69e320548.jpg","010-00082GP148.jpg","383b8ebe-021d-4986-b1cd-153a7652e7fe","717383","2022-05-04T09:43:36.706Z","2592"
"4bb75d28-fcf0-445d-b359-f3dcd19bd205","Image","2022-05-04T09:43:49.581Z","JPG","1944","eu-west-1:a1e6b3ad-3814-4def-88a2-e709e936b6f3","imageuploads/13a24972-94c3-4225-a291-df978910b94e.jpg","010-00082GP222.jpg","383b8ebe-021d-4986-b1cd-153a7652e7fe","766142","2022-05-04T09:43:49.581Z","2592"
"6bd23466-ea36-472c-9532-cd5a145ca132","Image","2022-05-04T09:43:50.123Z","JPG","1944","eu-west-1:a1e6b3ad-3814-4def-88a2-e709e936b6f3","imageuploads/cc92acda-7bb2-4a56-b221-d92b2ffc4c5c.jpg","010-00082GP219.jpg","383b8ebe-021d-4986-b1cd-153a7652e7fe","794486","2022-05-04T09:43:50.123Z","2592"
"9316baab-b8fc-4024-ba68-4dfc83c70ab5","Image","2022-05-04T09:43:26.097Z","JPG","1944","eu-west-1:a1e6b3ad-3814-4def-88a2-e709e936b6f3","imageuploads/56c35f70-0f45-4486-ad46-4610bbbf62c6.jpg","010-00082GP76.jpg","383b8ebe-021d-4986-b1cd-153a7652e7fe","640166","2022-05-04T09:43:26.097Z","2592"
"5c6ebe64-48ea-4a0a-8709-644215a2758d","Image","2022-05-04T09:42:18.586Z","JPG","1944","eu-west-1:a1e6b3ad-3814-4def-88a2-e709e936b6f3","imageuploads/637de4b1-be98-4d13-9f6b-6f4d71fd1101.jpg","010-00082BP58.jpg","383b8ebe-021d-4986-b1cd-153a7652e7fe","743680","2022-05-04T09:42:18.586Z","2592"
"01fb65d7-2658-4fc7-bfcf-8a5114f5840c","Image","2022-05-04T09:43:21.657Z","JPG","1944","eu-west-1:a1e6b3ad-3814-4def-88a2-e709e936b6f3","imageuploads/e3dd7127-9196-4b43-831b-bc4b51ff5d83.jpg","010-00082GP54.jpg","383b8ebe-021d-4986-b1cd-153a7652e7fe","674989","2022-05-04T09:43:21.657Z","2592"
"ac1cb764-de6b-4a07-a397-d3a02e23ce7f","Image","2022-05-04T09:42:12.899Z","JPG","1944","eu-west-1:a1e6b3ad-3814-4def-88a2-e709e936b6f3","imageuploads/6c21382d-7768-45cc-a2f2-1ed39dc78d4e.jpg","010-00082BP42.jpg","383b8ebe-021d-4986-b1cd-153a7652e7fe","771055","2022-05-04T09:42:12.899Z","2592"
"11bccd62-9431-4ef4-8ad4-9908c658241a","Image","2022-05-04T09:42:20.892Z","JPG","1944","eu-west-1:a1e6b3ad-3814-4def-88a2-e709e936b6f3","imageuploads/23ddaa96-2b22-4618-8653-fb78df0c106e.jpg","010-00082BP81.jpg","383b8ebe-021d-4986-b1cd-153a7652e7fe","755863","2022-05-04T09:42:20.892Z","2592"
"92438ee8-a969-40fe-96e6-baa1f8678433","Image","2022-05-04T09:43:18.005Z","JPG","1944","eu-west-1:a1e6b3ad-3814-4def-88a2-e709e936b6f3","imageuploads/7e140151-f4d2-4bc4-9446-253aa95f50cb.jpg","010-00082GP30.jpg","383b8ebe-021d-4986-b1cd-153a7652e7fe","678610","2022-05-04T09:43:18.005Z","2592"
"972591b2-f85f-4a0b-9ba8-a7f6a4617d0e","Image","2022-05-04T09:43:13.064Z","JPG","1944","eu-west-1:a1e6b3ad-3814-4def-88a2-e709e936b6f3","imageuploads/45210cd9-c048-4fb3-a844-6a59de9018cb.jpg","010-00082GP6.jpg","383b8ebe-021d-4986-b1cd-153a7652e7fe","652094","2022-05-04T09:43:13.064Z","2592"
"7249bceb-5dc7-49be-997c-d91d55251d20","Image","2022-05-04T09:43:41.638Z","JPG","1944","eu-west-1:a1e6b3ad-3814-4def-88a2-e709e936b6f3","imageuploads/f0987401-ab36-4816-b0a7-b1b9dbb09a6b.jpg","010-00082GP173.jpg","383b8ebe-021d-4986-b1cd-153a7652e7fe","678035","2022-05-04T09:43:41.638Z","2592"
"c13299a2-d600-4cd7-a897-0c20766b1284","Image","2022-05-04T09:43:45.650Z","JPG","1944","eu-west-1:a1e6b3ad-3814-4def-88a2-e709e936b6f3","imageuploads/9bca5778-5361-4d6f-9042-da57d9b10cd6.jpg","010-00082GP201.jpg","383b8ebe-021d-4986-b1cd-153a7652e7fe","733121","2022-05-04T09:43:45.650Z","2592"
"aaf23fd4-f539-4192-a85f-81fd1e005613","Image","2022-05-04T09:43:39.565Z","JPG","1944","eu-west-1:a1e6b3ad-3814-4def-88a2-e709e936b6f3","imageuploads/985f3f3b-86fb-4160-995c-6f0a3661b0de.jpg","010-00082GP163.jpg","383b8ebe-021d-4986-b1cd-153a7652e7fe","688511","2022-05-04T09:43:39.565Z","2592"
"cebd88e3-fc36-4ab6-8f95-4ced282b75ff","Image","2022-05-04T09:43:50.013Z","JPG","1944","eu-west-1:a1e6b3ad-3814-4def-88a2-e709e936b6f3","imageuploads/3a901c4d-65c2-4dd6-acb8-3eab83d5a6ef.jpg","010-00082GP220.jpg","383b8ebe-021d-4986-b1cd-153a7652e7fe","807234","2022-05-04T09:43:50.013Z","2592"
"2d6790f7-a9dd-42d3-bce8-325c0cb49291","Image","2022-05-04T09:43:53.486Z","JPG","1944","eu-west-1:a1e6b3ad-3814-4def-88a2-e709e936b6f3","imageuploads/0fb99c78-043d-4c01-a181-8ad17bdcdefc.jpg","010-00082GP237.jpg","383b8ebe-021d-4986-b1cd-153a7652e7fe","773055","2022-05-04T09:43:53.486Z","2592"
"1e806369-dc53-4ced-937a-2252a6253681","Image","2022-05-06T12:51:14.911Z","JPG","1944","eu-west-1:a1e6b3ad-3814-4def-88a2-e709e936b6f3","imageuploads/65995e92-fead-4d00-bcd4-4f949fd0c3fa.jpg","010-00082GP23.jpg","fa2239d8-6a45-4cea-9fbf-a1f42beafb47","688127","2022-05-06T12:51:14.911Z","2592"
"6a442664-8b64-46da-a85c-31348e9cbfd7","Image","2022-05-04T09:43:27.413Z","JPG","1944","eu-west-1:a1e6b3ad-3814-4def-88a2-e709e936b6f3","imageuploads/55261a0c-162a-4510-99cf-4f0a93329e4a.jpg","010-00082GP88.jpg","383b8ebe-021d-4986-b1cd-153a7652e7fe","680717","2022-05-04T09:43:27.413Z","2592"
"ec21839c-c6fa-4a98-82e5-70cfa3657212","Image","2022-05-04T09:42:10.256Z","JPG","1944","eu-west-1:a1e6b3ad-3814-4def-88a2-e709e936b6f3","imageuploads/734514f5-7e3c-48b4-9f5e-58bc6ca35948.jpg","010-00082BP27.jpg","383b8ebe-021d-4986-b1cd-153a7652e7fe","746224","2022-05-04T09:42:10.256Z","2592"
"5d379ae4-b242-4126-8300-25c5e754c913","Image","2022-05-06T11:39:59.138Z","JPG","1944","eu-west-1:a1e6b3ad-3814-4def-88a2-e709e936b6f3","imageuploads/8c94bdc3-9662-42c1-a2b5-8396d007f713.jpg","010-00082BP17.jpg","fa2239d8-6a45-4cea-9fbf-a1f42beafb47","744063","2022-05-06T11:39:59.138Z","2592"
"949b3ca4-0b01-46eb-91d9-0edb1fd1f510","Image","2022-05-04T09:43:29.532Z","JPG","1944","eu-west-1:a1e6b3ad-3814-4def-88a2-e709e936b6f3","imageuploads/a13803b0-149f-4d5b-b0ac-78b4cbdb2e0d.jpg","010-00082GP106.jpg","383b8ebe-021d-4986-b1cd-153a7652e7fe","718465","2022-05-04T09:43:29.532Z","2592"
"a9374632-02dd-4247-90e2-38d8ff25da17","Image","2022-05-04T09:42:36.073Z","JPG","1944","eu-west-1:a1e6b3ad-3814-4def-88a2-e709e936b6f3","imageuploads/3d6829be-471b-4f72-9ead-c0740629c033.jpg","010-00082BP172.jpg","383b8ebe-021d-4986-b1cd-153a7652e7fe","802043","2022-05-04T09:42:36.073Z","2592"
"47e1b2b4-70d4-4f77-9716-fcb77d8138c8","Image","2022-05-06T11:39:57.460Z","JPG","1944","eu-west-1:a1e6b3ad-3814-4def-88a2-e709e936b6f3","imageuploads/818146d2-9d9c-47cb-a3c0-320b1ca0b3bf.jpg","010-00082BP8.jpg","fa2239d8-6a45-4cea-9fbf-a1f42beafb47","683039","2022-05-06T11:39:57.460Z","2592"
"22f6ccb6-fc86-4bec-9acf-230d804cf492","Image","2022-05-04T09:42:25.651Z","JPG","1944","eu-west-1:a1e6b3ad-3814-4def-88a2-e709e936b6f3","imageuploads/b7c0bbe5-8490-4c05-bed5-ea20bbaa9a3a.jpg","010-00082BP106.jpg","383b8ebe-021d-4986-b1cd-153a7652e7fe","790873","2022-05-04T09:42:25.651Z","2592"
"1ceab34e-79ae-4b05-992a-63123006f04d","Image","2022-05-04T09:43:52.992Z","JPG","1944","eu-west-1:a1e6b3ad-3814-4def-88a2-e709e936b6f3","imageuploads/8188f35a-c24b-481c-97e2-54ea4a0f7145.jpg","010-00082GP239.jpg","383b8ebe-021d-4986-b1cd-153a7652e7fe","847312","2022-05-04T09:43:52.992Z","2592"
"5f89512b-5ac1-47f5-86d7-6675cf2f79ba","Image","2022-05-04T09:43:24.255Z","JPG","1944","eu-west-1:a1e6b3ad-3814-4def-88a2-e709e936b6f3","imageuploads/a06cf5d4-9d5f-4933-a593-f89bda306e11.jpg","010-00082GP66.jpg","383b8ebe-021d-4986-b1cd-153a7652e7fe","666773","2022-05-04T09:43:24.255Z","2592"
"8f35afe3-e0cd-415a-b4ac-66c50c6bbc75","Image","2022-05-04T09:43:26.959Z","JPG","1944","eu-west-1:a1e6b3ad-3814-4def-88a2-e709e936b6f3","imageuploads/6407b2ce-5b58-4666-ad2c-997e7e813d92.jpg","010-00082GP85.jpg","383b8ebe-021d-4986-b1cd-153a7652e7fe","626284","2022-05-04T09:43:26.959Z","2592"
"975a5940-0b44-47d1-8548-7bf3095058d9","Image","2022-05-04T09:43:17.106Z","JPG","1944","eu-west-1:a1e6b3ad-3814-4def-88a2-e709e936b6f3","imageuploads/34365fe7-ea9e-48a8-b13e-51e6dd367389.jpg","010-00082GP20.jpg","383b8ebe-021d-4986-b1cd-153a7652e7fe","628341","2022-05-04T09:43:17.106Z","2592"
"390f5d19-33f0-4c8e-a04e-f037064be270","Image","2022-05-04T09:43:21.971Z","JPG","1944","eu-west-1:a1e6b3ad-3814-4def-88a2-e709e936b6f3","imageuploads/01034570-a00d-4745-9ff4-8835b755d3d9.jpg","010-00082GP53.jpg","383b8ebe-021d-4986-b1cd-153a7652e7fe","671428","2022-05-04T09:43:21.971Z","2592"
"f8f60464-e53b-43de-ab24-811f23d0249d","Image","2022-05-04T09:43:54.460Z","JPG","1944","eu-west-1:a1e6b3ad-3814-4def-88a2-e709e936b6f3","imageuploads/9b2bfe69-dd83-4a2f-8320-3717ed72ff0b.jpg","010-00082GP244.jpg","383b8ebe-021d-4986-b1cd-153a7652e7fe","814679","2022-05-04T09:43:54.460Z","2592"
"b9014ea3-3b07-467a-89d1-cdb7a8ceb741","Image","2022-05-04T09:42:20.544Z","JPG","1944","eu-west-1:a1e6b3ad-3814-4def-88a2-e709e936b6f3","imageuploads/d8b0f82f-77ec-4d29-b49b-6e3d215f1f78.jpg","010-00082BP87.jpg","383b8ebe-021d-4986-b1cd-153a7652e7fe","742852","2022-05-04T09:42:20.544Z","2592"
"d9c566b1-b81c-42ae-bdd0-122801bf881f","Image","2022-05-04T09:42:13.483Z","JPG","1944","eu-west-1:a1e6b3ad-3814-4def-88a2-e709e936b6f3","imageuploads/c6929bbd-f90b-4604-94a1-499058f3fcd4.jpg","010-00082BP44.jpg","383b8ebe-021d-4986-b1cd-153a7652e7fe","680837","2022-05-04T09:42:13.483Z","2592"
"7397b84b-9de2-4b21-9c14-a4184923da62","Image","2022-05-04T09:43:51.647Z","JPG","1944","eu-west-1:a1e6b3ad-3814-4def-88a2-e709e936b6f3","imageuploads/0a14d865-6441-4932-b384-aa2bc5968c62.jpg","010-00082GP230.jpg","383b8ebe-021d-4986-b1cd-153a7652e7fe","747248","2022-05-04T09:43:51.647Z","2592"
"5fa9e349-7512-44a8-8d10-734c2ebd57de","Image","2022-05-04T09:43:51.531Z","JPG","1944","eu-west-1:a1e6b3ad-3814-4def-88a2-e709e936b6f3","imageuploads/baa5e21f-7e89-47de-b9d3-aedac414d138.jpg","010-00082GP226.jpg","383b8ebe-021d-4986-b1cd-153a7652e7fe","777132","2022-05-04T09:43:51.531Z","2592"
"5ecb8979-60f8-4552-b1d6-4b2865b4e03d","Image","2022-05-04T09:43:37.028Z","JPG","1944","eu-west-1:a1e6b3ad-3814-4def-88a2-e709e936b6f3","imageuploads/b14dc029-261a-4371-ac40-2f0c40ecafdc.jpg","010-00082GP152.jpg","383b8ebe-021d-4986-b1cd-153a7652e7fe","692450","2022-05-04T09:43:37.028Z","2592"
"4cc5b6c9-af6c-4e10-9d15-ea3a1a966b9a","Image","2022-05-06T11:40:01.245Z","JPG","1944","eu-west-1:a1e6b3ad-3814-4def-88a2-e709e936b6f3","imageuploads/eabcd959-063f-4afb-bc77-681e9b9698f5.jpg","010-00082BP25.jpg","fa2239d8-6a45-4cea-9fbf-a1f42beafb47","791010","2022-05-06T11:40:01.245Z","2592"
"a37ead8f-4b01-4c19-969b-2d5926d7772d","Image","2022-05-04T09:42:16.356Z","JPG","1944","eu-west-1:a1e6b3ad-3814-4def-88a2-e709e936b6f3","imageuploads/5824aa8b-52db-4a0e-b455-578e1a79d926.jpg","010-00082BP63.jpg","383b8ebe-021d-4986-b1cd-153a7652e7fe","785694","2022-05-04T09:42:16.356Z","2592"
"27709057-a043-4e9b-bdf4-9186e6757692","Image","2022-05-04T09:43:31.934Z","JPG","1944","eu-west-1:a1e6b3ad-3814-4def-88a2-e709e936b6f3","imageuploads/d5153358-a303-41ac-9723-f194c89ff8c7.jpg","010-00082GP117.jpg","383b8ebe-021d-4986-b1cd-153a7652e7fe","687625","2022-05-04T09:43:31.934Z","2592"
"e606de12-befd-4fc5-b7f9-8f5716f84abb","Image","2022-05-04T09:43:35.788Z","JPG","1944","eu-west-1:a1e6b3ad-3814-4def-88a2-e709e936b6f3","imageuploads/eb6755ca-04c0-4876-910f-878a5b49198e.jpg","010-00082GP142.jpg","383b8ebe-021d-4986-b1cd-153a7652e7fe","697666","2022-05-04T09:43:35.788Z","2592"
"3c8eab81-581a-4d80-b95b-81d919bb0fc6","Image","2022-05-04T09:43:19.157Z","JPG","1944","eu-west-1:a1e6b3ad-3814-4def-88a2-e709e936b6f3","imageuploads/1f6e68e1-7f8a-4ce6-8eba-23f7e1fd0531.jpg","010-00082GP42.jpg","383b8ebe-021d-4986-b1cd-153a7652e7fe","670822","2022-05-04T09:43:19.157Z","2592"
"56f71787-4f18-4194-b938-30eceb13c236","Image","2022-05-04T09:42:17.493Z","JPG","1944","eu-west-1:a1e6b3ad-3814-4def-88a2-e709e936b6f3","imageuploads/e921f503-72d7-41d9-8792-6ab2d3b244a3.jpg","010-00082BP71.jpg","383b8ebe-021d-4986-b1cd-153a7652e7fe","712781","2022-05-04T09:42:17.493Z","2592"
"465e023d-2019-49cf-bb19-d8861040e372","Image","2022-05-04T09:43:15.243Z","JPG","1944","eu-west-1:a1e6b3ad-3814-4def-88a2-e709e936b6f3","imageuploads/bc51db8c-19b5-4185-bc19-2c6cd6844a0e.jpg","010-00082GP14.jpg","383b8ebe-021d-4986-b1cd-153a7652e7fe","645162","2022-05-04T09:43:15.243Z","2592"
"25ab66c9-697c-4d21-90a5-6b98aa1a298c","Image","2022-05-04T09:43:48.258Z","JPG","1944","eu-west-1:a1e6b3ad-3814-4def-88a2-e709e936b6f3","imageuploads/4a81cef3-9426-4d77-9639-ebbfff0d1492.jpg","010-00082GP213.jpg","383b8ebe-021d-4986-b1cd-153a7652e7fe","729386","2022-05-04T09:43:48.258Z","2592"
"319b4a10-ce8d-46ef-8e0a-0f3a5e9cab07","Image","2022-05-04T09:42:27.631Z","JPG","1944","eu-west-1:a1e6b3ad-3814-4def-88a2-e709e936b6f3","imageuploads/fb8b408d-3cc9-406a-81e5-ff0ddf394ffc.jpg","010-00082BP122.jpg","383b8ebe-021d-4986-b1cd-153a7652e7fe","813108","2022-05-04T09:42:27.631Z","2592"
"f080cd4f-7701-46df-9009-0e9f98ef47bd","Image","2022-05-04T09:43:42.994Z","JPG","1944","eu-west-1:a1e6b3ad-3814-4def-88a2-e709e936b6f3","imageuploads/0c0b1399-21f4-49fb-ba83-6412b10e8567.jpg","010-00082GP183.jpg","383b8ebe-021d-4986-b1cd-153a7652e7fe","746533","2022-05-04T09:43:42.994Z","2592"
"8fd91484-a606-4817-97f5-1ca1291bb767","Image","2022-05-04T09:43:42.934Z","JPG","1944","eu-west-1:a1e6b3ad-3814-4def-88a2-e709e936b6f3","imageuploads/356260ae-f486-44d6-85ec-e09ddc7d6ce6.jpg","010-00082GP185.jpg","383b8ebe-021d-4986-b1cd-153a7652e7fe","695073","2022-05-04T09:43:42.934Z","2592"
"4e08e4dc-7ceb-4547-9441-f770e85f63d0","Image","2022-05-04T09:43:31.341Z","JPG","1944","eu-west-1:a1e6b3ad-3814-4def-88a2-e709e936b6f3","imageuploads/20a854f1-eda0-487a-9c90-0b3984a6986e.jpg","010-00082GP113.jpg","383b8ebe-021d-4986-b1cd-153a7652e7fe","695956","2022-05-04T09:43:31.341Z","2592"
"78448761-448d-426e-aaf6-d3b3663e74d2","Image","2022-05-04T09:43:21.764Z","JPG","1944","eu-west-1:a1e6b3ad-3814-4def-88a2-e709e936b6f3","imageuploads/e29c1acc-afa0-49c6-93b9-b73a56736664.jpg","010-00082GP55.jpg","383b8ebe-021d-4986-b1cd-153a7652e7fe","679145","2022-05-04T09:43:21.764Z","2592"
"860fa15a-14a0-41d8-aa80-46d16abeb3db","Image","2022-05-04T09:42:30.830Z","JPG","1944","eu-west-1:a1e6b3ad-3814-4def-88a2-e709e936b6f3","imageuploads/d7ac364d-4877-4c9e-8f8c-3dd608ac11d8.jpg","010-00082BP142.jpg","383b8ebe-021d-4986-b1cd-153a7652e7fe","777730","2022-05-04T09:42:30.830Z","2592"
"19fc286b-d575-4f4f-98f1-891288418cc4","Image","2022-05-04T09:43:33.308Z","JPG","1944","eu-west-1:a1e6b3ad-3814-4def-88a2-e709e936b6f3","imageuploads/70a95ee2-5a18-49f2-9c29-f014559d2d35.jpg","010-00082GP126.jpg","383b8ebe-021d-4986-b1cd-153a7652e7fe","629064","2022-05-04T09:43:33.308Z","2592"
"74de8253-220a-405c-a333-dc7f717b9e88","Image","2022-05-04T09:43:19.352Z","JPG","1944","eu-west-1:a1e6b3ad-3814-4def-88a2-e709e936b6f3","imageuploads/601b64eb-02b9-4c9f-bc00-8a6d4dc1634f.jpg","010-00082GP43.jpg","383b8ebe-021d-4986-b1cd-153a7652e7fe","676308","2022-05-04T09:43:19.352Z","2592"
"ef823155-f29c-4d67-ac8a-5232d247917c","Image","2022-05-04T09:43:43.232Z","JPG","1944","eu-west-1:a1e6b3ad-3814-4def-88a2-e709e936b6f3","imageuploads/3bfbf4af-8df5-49d6-a9f3-d70310d8971f.jpg","010-00082GP187.jpg","383b8ebe-021d-4986-b1cd-153a7652e7fe","769818","2022-05-04T09:43:43.232Z","2592"
"0ae8caee-a573-40a8-b2b8-163b1c8b2b56","Image","2022-05-04T09:43:45.196Z","JPG","1944","eu-west-1:a1e6b3ad-3814-4def-88a2-e709e936b6f3","imageuploads/97c38ac5-94ce-4eff-ac90-00f2236ba0c4.jpg","010-00082GP200.jpg","383b8ebe-021d-4986-b1cd-153a7652e7fe","741271","2022-05-04T09:43:45.196Z","2592"
"fc40ca93-220a-4a02-8125-a1e5c44f7c78","Image","2022-05-06T12:51:13.894Z","JPG","1944","eu-west-1:a1e6b3ad-3814-4def-88a2-e709e936b6f3","imageuploads/c8effaaa-854f-4fc5-ab8f-48c631bc305c.jpg","010-00082GP17.jpg","fa2239d8-6a45-4cea-9fbf-a1f42beafb47","636941","2022-05-06T12:51:13.894Z","2592"
"df58849e-e143-4b9a-a075-0d5490e0310a","Image","2022-05-04T09:43:16.755Z","JPG","1944","eu-west-1:a1e6b3ad-3814-4def-88a2-e709e936b6f3","imageuploads/82321c4b-618e-44c5-825f-d18ce3209304.jpg","010-00082GP19.jpg","383b8ebe-021d-4986-b1cd-153a7652e7fe","660703","2022-05-04T09:43:16.755Z","2592"
"2ae2883c-338d-4a2e-baba-2af886cb1da9","Image","2022-05-04T09:43:22.750Z","JPG","1944","eu-west-1:a1e6b3ad-3814-4def-88a2-e709e936b6f3","imageuploads/1375d64b-05c1-48a0-841b-6ef8e51b04ab.jpg","010-00082GP57.jpg","383b8ebe-021d-4986-b1cd-153a7652e7fe","635128","2022-05-04T09:43:22.750Z","2592"
"d1ca9ec6-5051-49ce-be17-a19414a19c1b","Image","2022-05-04T09:43:28.445Z","JPG","1944","eu-west-1:a1e6b3ad-3814-4def-88a2-e709e936b6f3","imageuploads/ee952c42-10f3-48d0-8fa1-ce12eb95bcd7.jpg","010-00082GP97.jpg","383b8ebe-021d-4986-b1cd-153a7652e7fe","697665","2022-05-04T09:43:28.445Z","2592"
"111eb431-d531-4047-98a8-c0c1371b2fef","Image","2022-05-04T09:43:37.800Z","JPG","1944","eu-west-1:a1e6b3ad-3814-4def-88a2-e709e936b6f3","imageuploads/3cb989df-5057-40c8-96df-7a3d0769f0ae.jpg","010-00082GP153.jpg","383b8ebe-021d-4986-b1cd-153a7652e7fe","715211","2022-05-04T09:43:37.800Z","2592"
"dda75a90-69a7-4c8a-8aaa-9be278923c85","Image","2022-05-04T09:43:40.179Z","JPG","1944","eu-west-1:a1e6b3ad-3814-4def-88a2-e709e936b6f3","imageuploads/d79b883e-0699-4394-9a45-4d7a1125bbb3.jpg","010-00082GP168.jpg","383b8ebe-021d-4986-b1cd-153a7652e7fe","719579","2022-05-04T09:43:40.179Z","2592"
"d90a9a43-84c9-4fe8-9ebb-5a883bddbcb1","Image","2022-05-04T09:43:29.940Z","JPG","1944","eu-west-1:a1e6b3ad-3814-4def-88a2-e709e936b6f3","imageuploads/5826d551-6aeb-4fed-ac43-d5ac671b49d1.jpg","010-00082GP101.jpg","383b8ebe-021d-4986-b1cd-153a7652e7fe","658285","2022-05-04T09:43:29.940Z","2592"
"6398c305-0543-4112-8f9d-80bd87578412","Image","2022-05-04T09:43:22.551Z","JPG","1944","eu-west-1:a1e6b3ad-3814-4def-88a2-e709e936b6f3","imageuploads/fa0e1689-b72c-423a-a0e4-9809f609f2f2.jpg","010-00082GP32.jpg","383b8ebe-021d-4986-b1cd-153a7652e7fe","661538","2022-05-04T09:43:22.551Z","2592"
"728cf4f2-d19b-4ae9-b9ef-444a9c44a102","Image","2022-05-06T12:51:15.413Z","JPG","1944","eu-west-1:a1e6b3ad-3814-4def-88a2-e709e936b6f3","imageuploads/e8b40867-ac8d-4fcb-8e2d-19e6f1eea998.jpg","010-00082GP86.jpg","fa2239d8-6a45-4cea-9fbf-a1f42beafb47","639087","2022-05-06T12:51:15.413Z","2592"
"0e602b97-7399-46a8-a78f-4ae7e7e2f9ca","Image","2022-05-06T11:39:57.465Z","JPG","1944","eu-west-1:a1e6b3ad-3814-4def-88a2-e709e936b6f3","imageuploads/613e721b-38f7-448f-8103-21600476fd29.jpg","010-00082BP4.jpg","fa2239d8-6a45-4cea-9fbf-a1f42beafb47","693494","2022-05-06T11:39:57.465Z","2592"
"9986fc44-2c75-4d24-ae4a-3d3a82567502","Image","2022-05-06T12:51:14.657Z","JPG","1944","eu-west-1:a1e6b3ad-3814-4def-88a2-e709e936b6f3","imageuploads/9f6926f6-2f51-4f49-97b1-341070163632.jpg","010-00082GP32.jpg","fa2239d8-6a45-4cea-9fbf-a1f42beafb47","661538","2022-05-06T12:51:14.657Z","2592"
"cc4f84e8-56f5-4e5e-8d61-911818e5b3e1","Image","2022-05-04T09:43:36.665Z","JPG","1944","eu-west-1:a1e6b3ad-3814-4def-88a2-e709e936b6f3","imageuploads/55fece90-2d14-4ffc-9d87-d3676959431a.jpg","010-00082GP150.jpg","383b8ebe-021d-4986-b1cd-153a7652e7fe","662593","2022-05-04T09:43:36.665Z","2592"
"184c60a2-de96-42be-a724-4415dc718be3","Image","2022-05-04T09:42:05.939Z","JPG","1944","eu-west-1:a1e6b3ad-3814-4def-88a2-e709e936b6f3","imageuploads/c72a4650-6ba4-400b-b01f-93dd427fefc4.jpg","010-00082BP3.jpg","383b8ebe-021d-4986-b1cd-153a7652e7fe","659987","2022-05-04T09:42:05.939Z","2592"
"ea9f95df-6e80-4a00-8bb0-9bd5f7ca2021","Image","2022-05-04T09:42:13.787Z","JPG","1944","eu-west-1:a1e6b3ad-3814-4def-88a2-e709e936b6f3","imageuploads/38dc581e-4401-47de-9167-876694b1d14d.jpg","010-00082BP45.jpg","383b8ebe-021d-4986-b1cd-153a7652e7fe","657678","2022-05-04T09:42:13.787Z","2592"
"1e33b10f-7f1e-492a-9968-b46801a9f4f2","Image","2022-05-04T09:42:18.898Z","JPG","1944","eu-west-1:a1e6b3ad-3814-4def-88a2-e709e936b6f3","imageuploads/a6ad23c5-e949-4831-83e8-51aca7ed302b.jpg","010-00082BP78.jpg","383b8ebe-021d-4986-b1cd-153a7652e7fe","759852","2022-05-04T09:42:18.898Z","2592"
"bf884cd6-3990-478e-9420-6544897dc632","Image","2022-05-04T09:43:37.036Z","JPG","1944","eu-west-1:a1e6b3ad-3814-4def-88a2-e709e936b6f3","imageuploads/cc75071c-1236-4316-ba52-a77b43a84d27.jpg","010-00082GP149.jpg","383b8ebe-021d-4986-b1cd-153a7652e7fe","709562","2022-05-04T09:43:37.036Z","2592"
"da887d09-c908-491b-8127-206f261faf86","Image","2022-05-06T11:39:57.543Z","JPG","1944","eu-west-1:a1e6b3ad-3814-4def-88a2-e709e936b6f3","imageuploads/a9ca4fcd-0b43-4763-bb1c-d9c075b96119.jpg","010-00082BP7.jpg","fa2239d8-6a45-4cea-9fbf-a1f42beafb47","736734","2022-05-06T11:39:57.543Z","2592"
"c470a7fb-c19d-494f-912d-a8b5eb5f640e","Image","2022-05-04T09:43:14.260Z","JPG","1944","eu-west-1:a1e6b3ad-3814-4def-88a2-e709e936b6f3","imageuploads/e5b35746-40b4-4234-b9e5-f903047ccad7.jpg","010-00082GP8.jpg","383b8ebe-021d-4986-b1cd-153a7652e7fe","644912","2022-05-04T09:43:14.260Z","2592"
"1ef8fac8-3d78-41a4-b6c9-64cfb1202d6f","Image","2022-05-04T09:42:14.090Z","JPG","1944","eu-west-1:a1e6b3ad-3814-4def-88a2-e709e936b6f3","imageuploads/cd2ed3f0-6fd5-464d-b783-275b91fe1059.jpg","010-00082BP49.jpg","383b8ebe-021d-4986-b1cd-153a7652e7fe","729260","2022-05-04T09:42:14.090Z","2592"
"d4fede74-c5a5-4b8a-bcd0-b3a85993c71d","Image","2022-05-04T09:42:27.841Z","JPG","1944","eu-west-1:a1e6b3ad-3814-4def-88a2-e709e936b6f3","imageuploads/ae45ace4-28e4-4abd-a535-66d1df5c29ca.jpg","010-00082BP121.jpg","383b8ebe-021d-4986-b1cd-153a7652e7fe","814748","2022-05-04T09:42:27.841Z","2592"
"54ce91f5-4552-4cb1-a331-f0e65e036a38","Image","2022-05-04T09:43:19.244Z","JPG","1944","eu-west-1:a1e6b3ad-3814-4def-88a2-e709e936b6f3","imageuploads/6b4194b9-8cea-48af-af62-ca29e10b6e1f.jpg","010-00082GP37.jpg","383b8ebe-021d-4986-b1cd-153a7652e7fe","680163","2022-05-04T09:43:19.244Z","2592"
"e8ea019b-33dd-457c-aeb8-353a47f9f5d2","Image","2022-05-04T09:43:45.675Z","JPG","1944","eu-west-1:a1e6b3ad-3814-4def-88a2-e709e936b6f3","imageuploads/aedf5f30-66ed-43da-9ea2-113bf63458d3.jpg","010-00082GP197.jpg","383b8ebe-021d-4986-b1cd-153a7652e7fe","755152","2022-05-04T09:43:45.675Z","2592"
"07093f50-b752-4135-a167-07cce900a0fa","Image","2022-05-04T09:42:08.298Z","JPG","1944","eu-west-1:a1e6b3ad-3814-4def-88a2-e709e936b6f3","imageuploads/5d02e100-f355-44f4-bb15-b8e72ce1dcad.jpg","010-00082BP15.jpg","383b8ebe-021d-4986-b1cd-153a7652e7fe","661526","2022-05-04T09:42:08.298Z","2592"
"0f27d470-82b7-4f75-91ba-71f7ed66fda7","Image","2022-05-04T09:43:54.573Z","JPG","1944","eu-west-1:a1e6b3ad-3814-4def-88a2-e709e936b6f3","imageuploads/d0eb2222-b565-4a56-bea5-c72b9de69da7.jpg","010-00082GP248.jpg","383b8ebe-021d-4986-b1cd-153a7652e7fe","823897","2022-05-04T09:43:54.573Z","2592"
"61411940-3051-4454-8dd8-2f627127f60a","Image","2022-05-04T09:42:07.902Z","JPG","1944","eu-west-1:a1e6b3ad-3814-4def-88a2-e709e936b6f3","imageuploads/4f3bea0d-d3db-4ac9-8394-ea9e8301f5a7.jpg","010-00082BP14.jpg","383b8ebe-021d-4986-b1cd-153a7652e7fe","644379","2022-05-04T09:42:07.902Z","2592"
"2db63700-49d0-4d44-b945-b74d38541f3d","Image","2022-05-04T09:43:43.974Z","JPG","1944","eu-west-1:a1e6b3ad-3814-4def-88a2-e709e936b6f3","imageuploads/ad004dd0-34f3-4986-937b-b23f1f4b3ecc.jpg","010-00082GP186.jpg","383b8ebe-021d-4986-b1cd-153a7652e7fe","723158","2022-05-04T09:43:43.974Z","2592"
"e54526d9-8ab8-420d-b303-cc55a29eec58","Image","2022-05-04T09:42:31.329Z","JPG","1944","eu-west-1:a1e6b3ad-3814-4def-88a2-e709e936b6f3","imageuploads/8cf38e71-4d97-4803-aebb-517c99b05477.jpg","010-00082BP138.jpg","383b8ebe-021d-4986-b1cd-153a7652e7fe","777453","2022-05-04T09:42:31.329Z","2592"
"e89035be-ee12-4777-b24c-d7e028e937dd","Image","2022-05-04T09:42:19.524Z","JPG","1944","eu-west-1:a1e6b3ad-3814-4def-88a2-e709e936b6f3","imageuploads/17e9e8df-b85e-4141-884a-03a9b24b1930.jpg","010-00082BP79.jpg","383b8ebe-021d-4986-b1cd-153a7652e7fe","789461","2022-05-04T09:42:19.524Z","2592"
"d4e97c7c-626f-4174-b42e-71a78a251229","Image","2022-05-04T09:42:28.735Z","JPG","1944","eu-west-1:a1e6b3ad-3814-4def-88a2-e709e936b6f3","imageuploads/3761beb2-3ce3-40ea-a4e9-fe4df7ce28ab.jpg","010-00082BP131.jpg","383b8ebe-021d-4986-b1cd-153a7652e7fe","758457","2022-05-04T09:42:28.735Z","2592"
"63907595-7892-4416-94cd-cf3960312514","Image","2022-05-06T11:39:58.185Z","JPG","1944","eu-west-1:a1e6b3ad-3814-4def-88a2-e709e936b6f3","imageuploads/b0c1dd29-9a84-4802-b0ad-30bc6082d2dc.jpg","010-00082BP10.jpg","fa2239d8-6a45-4cea-9fbf-a1f42beafb47","690418","2022-05-06T11:39:58.185Z","2592"
"69e7b143-7726-4f6b-85ff-62ec889033a1","Image","2022-05-04T09:43:47.638Z","JPG","1944","eu-west-1:a1e6b3ad-3814-4def-88a2-e709e936b6f3","imageuploads/2f04ea38-08a1-4085-999b-2b00887122ba.jpg","010-00082GP211.jpg","383b8ebe-021d-4986-b1cd-153a7652e7fe","788237","2022-05-04T09:43:47.638Z","2592"
"6a9e8fa4-c697-4ff1-81fa-7d4cfacf81e9","Image","2022-05-04T09:43:41.590Z","JPG","1944","eu-west-1:a1e6b3ad-3814-4def-88a2-e709e936b6f3","imageuploads/51753f8a-f644-42c2-a69b-12c490286eb3.jpg","010-00082GP179.jpg","383b8ebe-021d-4986-b1cd-153a7652e7fe","713553","2022-05-04T09:43:41.590Z","2592"
"b25d07ad-7db4-4b48-aa57-6ff4df4e25cd","Image","2022-05-04T09:43:22.377Z","JPG","1944","eu-west-1:a1e6b3ad-3814-4def-88a2-e709e936b6f3","imageuploads/ed1bc67e-dc34-47df-a645-fdbe5e0c1ed4.jpg","010-00082GP59.jpg","383b8ebe-021d-4986-b1cd-153a7652e7fe","627962","2022-05-04T09:43:22.377Z","2592"
"2526ca25-7ff2-4e88-846d-9e858f6cfd61","Image","2022-05-04T09:43:22.913Z","JPG","1944","eu-west-1:a1e6b3ad-3814-4def-88a2-e709e936b6f3","imageuploads/abc4ae69-e0a9-4e00-b398-c0218bbc9c5a.jpg","010-00082GP63.jpg","383b8ebe-021d-4986-b1cd-153a7652e7fe","656770","2022-05-04T09:43:22.913Z","2592"
"c1ae0ab8-4ad1-47a2-8fcb-697af3a1e86c","Image","2022-05-04T09:43:23.831Z","JPG","1944","eu-west-1:a1e6b3ad-3814-4def-88a2-e709e936b6f3","imageuploads/54dfcf28-6082-47f8-a373-ad5504911ff0.jpg","010-00082GP68.jpg","383b8ebe-021d-4986-b1cd-153a7652e7fe","682804","2022-05-04T09:43:23.831Z","2592"
"e4408571-df9e-41e9-8175-aa3ffe0642a0","Image","2022-05-06T12:51:13.890Z","JPG","1944","eu-west-1:a1e6b3ad-3814-4def-88a2-e709e936b6f3","imageuploads/d22a2289-0da6-4282-a51e-8b75a2936c9c.jpg","010-00082GP20.jpg","fa2239d8-6a45-4cea-9fbf-a1f42beafb47","628341","2022-05-06T12:51:13.890Z","2592"
"7a3de5c9-2a3a-4c73-92bf-de49f3a7ac53","Image","2022-05-04T09:42:31.783Z","JPG","1944","eu-west-1:a1e6b3ad-3814-4def-88a2-e709e936b6f3","imageuploads/dc60f8cd-f3ac-477c-91a8-2e00cf04b0b4.jpg","010-00082BP146.jpg","383b8ebe-021d-4986-b1cd-153a7652e7fe","818725","2022-05-04T09:42:31.783Z","2592"
"161773ed-319a-4726-9022-4b4eb50cecac","Image","2022-05-04T09:43:29.206Z","JPG","1944","eu-west-1:a1e6b3ad-3814-4def-88a2-e709e936b6f3","imageuploads/7e10f859-e1e0-4a7a-9b25-c1613d661464.jpg","010-00082GP102.jpg","383b8ebe-021d-4986-b1cd-153a7652e7fe","679148","2022-05-04T09:43:29.206Z","2592"
"fc428210-7ace-43ed-9b46-8240728d6a63","Image","2022-05-04T09:43:44.482Z","JPG","1944","eu-west-1:a1e6b3ad-3814-4def-88a2-e709e936b6f3","imageuploads/e239174c-f304-4b14-b448-5c5980c16260.jpg","010-00082GP191.jpg","383b8ebe-021d-4986-b1cd-153a7652e7fe","699041","2022-05-04T09:43:44.482Z","2592"
"3f9b3d55-e85f-41d8-95f0-107d41542b00","Image","2022-05-04T09:42:07.414Z","JPG","1944","eu-west-1:a1e6b3ad-3814-4def-88a2-e709e936b6f3","imageuploads/17d1bd0c-6cee-45d3-a292-cee0b243ba7a.jpg","010-00082BP13.jpg","383b8ebe-021d-4986-b1cd-153a7652e7fe","708981","2022-05-04T09:42:07.414Z","2592"
"c8100ebd-b62d-4ccf-94a7-3a3cc9cde04d","Image","2022-05-04T09:43:49.097Z","JPG","1944","eu-west-1:a1e6b3ad-3814-4def-88a2-e709e936b6f3","imageuploads/3127f7ce-e29b-4db5-9909-c547734a405f.jpg","010-00082GP221.jpg","383b8ebe-021d-4986-b1cd-153a7652e7fe","740314","2022-05-04T09:43:49.097Z","2592"
"b746403a-408d-410a-a681-0fbe27a871b8","Image","2022-05-04T09:42:31.124Z","JPG","1944","eu-west-1:a1e6b3ad-3814-4def-88a2-e709e936b6f3","imageuploads/49e6c64d-6d66-4cde-8bbc-022e6708a661.jpg","010-00082BP144.jpg","383b8ebe-021d-4986-b1cd-153a7652e7fe","805478","2022-05-04T09:42:31.124Z","2592"
"32a2e00c-8ccf-4c02-a4c7-24e5f2f42482","Image","2022-05-04T09:42:27.826Z","JPG","1944","eu-west-1:a1e6b3ad-3814-4def-88a2-e709e936b6f3","imageuploads/009f1210-2580-49ec-87bc-f771e41f4c11.jpg","010-00082BP123.jpg","383b8ebe-021d-4986-b1cd-153a7652e7fe","809254","2022-05-04T09:42:27.826Z","2592"
"1b1f70f9-4eb2-4080-b1be-2796157918b8","Image","2022-05-04T09:43:33.184Z","JPG","1944","eu-west-1:a1e6b3ad-3814-4def-88a2-e709e936b6f3","imageuploads/ef19d502-0f2a-4198-b75b-0b463bb9d047.jpg","010-00082GP121.jpg","383b8ebe-021d-4986-b1cd-153a7652e7fe","683303","2022-05-04T09:43:33.184Z","2592"
"f31f13b7-74f6-4f58-8879-2119765460bb","Image","2022-05-04T09:43:41.393Z","JPG","1944","eu-west-1:a1e6b3ad-3814-4def-88a2-e709e936b6f3","imageuploads/edea8b79-974a-487c-8b60-7f8d440a3170.jpg","010-00082GP175.jpg","383b8ebe-021d-4986-b1cd-153a7652e7fe","715773","2022-05-04T09:43:41.393Z","2592"
"cac0f52f-130e-475a-badd-9968a61aa11b","Image","2022-05-04T09:42:30.039Z","JPG","1944","eu-west-1:a1e6b3ad-3814-4def-88a2-e709e936b6f3","imageuploads/7626f334-0821-4bce-a0dc-990d66e8f6d5.jpg","010-00082BP134.jpg","383b8ebe-021d-4986-b1cd-153a7652e7fe","838214","2022-05-04T09:42:30.039Z","2592"
"ea46ee6f-cfe9-4b7a-9d7e-0bcf2583bfa9","Image","2022-05-04T09:43:35.778Z","JPG","1944","eu-west-1:a1e6b3ad-3814-4def-88a2-e709e936b6f3","imageuploads/41ab8fe9-a7f0-48f5-a27a-bc474f335120.jpg","010-00082GP144.jpg","383b8ebe-021d-4986-b1cd-153a7652e7fe","703071","2022-05-04T09:43:35.778Z","2592"
"351e74c2-e493-44c6-ade6-94ef0267fc8c","Image","2022-05-04T09:42:26.710Z","JPG","1944","eu-west-1:a1e6b3ad-3814-4def-88a2-e709e936b6f3","imageuploads/afbeb078-233b-4f2e-8a22-a229799c345d.jpg","010-00082BP119.jpg","383b8ebe-021d-4986-b1cd-153a7652e7fe","768026","2022-05-04T09:42:26.710Z","2592"
"50635438-106d-4287-a505-b490aa1bf73d","Image","2022-05-04T09:42:33.002Z","JPG","1944","eu-west-1:a1e6b3ad-3814-4def-88a2-e709e936b6f3","imageuploads/508a012f-8697-4996-99f9-f86061c5f436.jpg","010-00082BP153.jpg","383b8ebe-021d-4986-b1cd-153a7652e7fe","795968","2022-05-04T09:42:33.002Z","2592"
"d80535d1-f980-4987-b752-c98fe3184322","Image","2022-05-04T09:42:08.542Z","JPG","1944","eu-west-1:a1e6b3ad-3814-4def-88a2-e709e936b6f3","imageuploads/e1e42c51-508f-46b8-aae8-60a515baeaff.jpg","010-00082BP18.jpg","383b8ebe-021d-4986-b1cd-153a7652e7fe","828952","2022-05-04T09:42:08.542Z","2592"
"82ec5237-89d3-44d6-8f8a-7d5e14c3f901","Image","2022-05-04T09:43:21.097Z","JPG","1944","eu-west-1:a1e6b3ad-3814-4def-88a2-e709e936b6f3","imageuploads/7af67005-a676-43c6-ab5f-c05a5def5ffa.jpg","010-00082GP49.jpg","383b8ebe-021d-4986-b1cd-153a7652e7fe","653453","2022-05-04T09:43:21.097Z","2592"
"25a2be1a-78ec-43f4-8731-eee2ec47b2ba","Image","2022-05-04T09:42:06.333Z","JPG","1944","eu-west-1:a1e6b3ad-3814-4def-88a2-e709e936b6f3","imageuploads/46c99bce-82c4-412f-bf68-1636dbcfd14a.jpg","010-00082BP7.jpg","383b8ebe-021d-4986-b1cd-153a7652e7fe","736734","2022-05-04T09:42:06.333Z","2592"
"aa448477-f241-4642-84ca-6a8ffbfff337","Image","2022-05-04T09:43:40.685Z","JPG","1944","eu-west-1:a1e6b3ad-3814-4def-88a2-e709e936b6f3","imageuploads/33ad358b-c97f-488f-9ae9-0963c8eff0de.jpg","010-00082GP169.jpg","383b8ebe-021d-4986-b1cd-153a7652e7fe","735468","2022-05-04T09:43:40.685Z","2592"
"5f1d883a-bf12-4e17-9c79-aab44e3ce186","Image","2022-05-04T09:42:23.114Z","JPG","1944","eu-west-1:a1e6b3ad-3814-4def-88a2-e709e936b6f3","imageuploads/47d66cf9-a3bc-4335-874e-09f878240bda.jpg","010-00082BP95.jpg","383b8ebe-021d-4986-b1cd-153a7652e7fe","797670","2022-05-04T09:42:23.114Z","2592"
"28a19d9b-03a9-4548-8e92-c3edc84ba67a","Image","2022-05-04T09:43:46.614Z","JPG","1944","eu-west-1:a1e6b3ad-3814-4def-88a2-e709e936b6f3","imageuploads/3d2436b8-9576-4035-a63a-f576e6acf632.jpg","010-00082GP207.jpg","383b8ebe-021d-4986-b1cd-153a7652e7fe","772188","2022-05-04T09:43:46.614Z","2592"
"c2b5d95f-bd45-4d1f-88ec-c8bd066ecce4","Image","2022-05-04T09:43:38.678Z","JPG","1944","eu-west-1:a1e6b3ad-3814-4def-88a2-e709e936b6f3","imageuploads/cb53720a-f019-48cf-bb8d-7ce8e929cee7.jpg","010-00082GP156.jpg","383b8ebe-021d-4986-b1cd-153a7652e7fe","724222","2022-05-04T09:43:38.678Z","2592"
"79543932-86b5-4786-923f-975446ea049d","Image","2022-05-04T09:43:51.153Z","JPG","1944","eu-west-1:a1e6b3ad-3814-4def-88a2-e709e936b6f3","imageuploads/cbd0e03e-ecc2-411f-923d-d4845f84d483.jpg","010-00082GP228.jpg","383b8ebe-021d-4986-b1cd-153a7652e7fe","792080","2022-05-04T09:43:51.153Z","2592"
"2383cbc8-99e6-49f0-a586-995cd0594225","Image","2022-05-04T09:43:26.291Z","JPG","1944","eu-west-1:a1e6b3ad-3814-4def-88a2-e709e936b6f3","imageuploads/05cc2ec3-5fbe-4bb2-9024-58de1c45e422.jpg","010-00082GP78.jpg","383b8ebe-021d-4986-b1cd-153a7652e7fe","643022","2022-05-04T09:43:26.291Z","2592"
"8d63cea6-1c25-4e19-af49-feedc6d00688","Image","2022-05-06T11:39:58.215Z","JPG","1944","eu-west-1:a1e6b3ad-3814-4def-88a2-e709e936b6f3","imageuploads/54d45f17-9134-4e8b-9c35-b518991479b1.jpg","010-00082BP9.jpg","fa2239d8-6a45-4cea-9fbf-a1f42beafb47","761900","2022-05-06T11:39:58.215Z","2592"
"243e1850-286a-4cd1-ba96-69d4b3409a4b","Image","2022-05-06T12:51:13.897Z","JPG","1944","eu-west-1:a1e6b3ad-3814-4def-88a2-e709e936b6f3","imageuploads/f26418a3-c4d0-4998-9e5d-2cb00a865576.jpg","010-00082GP14.jpg","fa2239d8-6a45-4cea-9fbf-a1f42beafb47","645162","2022-05-06T12:51:13.897Z","2592"
"7898ab26-daba-490a-bdf9-9c69108738ed","Image","2022-05-04T09:43:54.365Z","JPG","1944","eu-west-1:a1e6b3ad-3814-4def-88a2-e709e936b6f3","imageuploads/7a412347-d6e1-4959-9bf0-bf899ef5e68f.jpg","010-00082GP249.jpg","383b8ebe-021d-4986-b1cd-153a7652e7fe","819271","2022-05-04T09:43:54.365Z","2592"
"e6355a38-426f-4be2-8160-8fa64cf63725","Image","2022-05-04T09:43:50.138Z","JPG","1944","eu-west-1:a1e6b3ad-3814-4def-88a2-e709e936b6f3","imageuploads/18007922-e584-4210-b872-d267139e67a6.jpg","010-00082GP223.jpg","383b8ebe-021d-4986-b1cd-153a7652e7fe","740328","2022-05-04T09:43:50.138Z","2592"
"1ad58404-939f-4145-ac83-debd9fe3c803","Image","2022-05-04T09:43:42.517Z","JPG","1944","eu-west-1:a1e6b3ad-3814-4def-88a2-e709e936b6f3","imageuploads/aea1902c-37dc-48c7-949e-3c6a1cccce02.jpg","010-00082GP181.jpg","383b8ebe-021d-4986-b1cd-153a7652e7fe","688453","2022-05-04T09:43:42.517Z","2592"
"71255ed1-22dd-4df1-a131-d847901f5165","Image","2022-05-04T09:43:36.001Z","JPG","1944","eu-west-1:a1e6b3ad-3814-4def-88a2-e709e936b6f3","imageuploads/8046b1fa-8507-4e56-9751-741b598501b7.jpg","010-00082GP147.jpg","383b8ebe-021d-4986-b1cd-153a7652e7fe","715784","2022-05-04T09:43:36.001Z","2592"
"142cb9db-dd38-4710-8808-182504811ee3","Image","2022-05-04T09:43:23.835Z","JPG","1944","eu-west-1:a1e6b3ad-3814-4def-88a2-e709e936b6f3","imageuploads/ed28fd2c-2cb7-4fba-8ca5-0cf46269acd5.jpg","010-00082GP65.jpg","383b8ebe-021d-4986-b1cd-153a7652e7fe","675998","2022-05-04T09:43:23.835Z","2592"
"c77aeaa6-e919-49b3-b5ec-7c93aec42ae3","Image","2022-05-04T09:43:35.086Z","JPG","1944","eu-west-1:a1e6b3ad-3814-4def-88a2-e709e936b6f3","imageuploads/9383783c-a437-4a33-b730-7487bb848472.jpg","010-00082GP141.jpg","383b8ebe-021d-4986-b1cd-153a7652e7fe","683426","2022-05-04T09:43:35.086Z","2592"
"5480d9e4-be5c-4796-8ec8-b6f00b35875f","Image","2022-05-04T09:42:09.684Z","JPG","1944","eu-west-1:a1e6b3ad-3814-4def-88a2-e709e936b6f3","imageuploads/b8836153-742d-48dd-bedc-2e1da00671e3.jpg","010-00082BP28.jpg","383b8ebe-021d-4986-b1cd-153a7652e7fe","680290","2022-05-04T09:42:09.684Z","2592"
"f3cb52a8-579d-4051-a557-0652807e386f","Image","2022-05-04T09:43:15.167Z","JPG","1944","eu-west-1:a1e6b3ad-3814-4def-88a2-e709e936b6f3","imageuploads/d2f5e666-ea9a-40d6-b636-87e2f16bd18c.jpg","010-00082GP13.jpg","383b8ebe-021d-4986-b1cd-153a7652e7fe","673188","2022-05-04T09:43:15.167Z","2592"
"3625da11-c876-4222-b3df-d4ade080ff7d","Image","2022-05-04T09:43:29.544Z","JPG","1944","eu-west-1:a1e6b3ad-3814-4def-88a2-e709e936b6f3","imageuploads/f1984eaf-21d4-438c-802e-d06963e97a0e.jpg","010-00082GP104.jpg","383b8ebe-021d-4986-b1cd-153a7652e7fe","653571","2022-05-04T09:43:29.544Z","2592"
"0937420e-b32d-444e-926f-7f6ade1e87b5","Image","2022-05-04T09:42:09.770Z","JPG","1944","eu-west-1:a1e6b3ad-3814-4def-88a2-e709e936b6f3","imageuploads/925e8cff-7411-45da-bbc9-f2db751777ee.jpg","010-00082BP24.jpg","383b8ebe-021d-4986-b1cd-153a7652e7fe","740004","2022-05-04T09:42:09.770Z","2592"
"74c8fae5-2be8-4587-a436-208b0c94de1f","Image","2022-05-04T09:42:35.535Z","JPG","1944","eu-west-1:a1e6b3ad-3814-4def-88a2-e709e936b6f3","imageuploads/79d86633-10b0-4528-9292-3d7a3fe3b76f.jpg","010-00082BP167.jpg","383b8ebe-021d-4986-b1cd-153a7652e7fe","770998","2022-05-04T09:42:35.535Z","2592"
"9f3dbb2a-be85-4276-83eb-22f5fffebd84","Image","2022-05-04T09:42:17.892Z","JPG","1944","eu-west-1:a1e6b3ad-3814-4def-88a2-e709e936b6f3","imageuploads/2211a20a-eaaf-45d9-b876-8feab2adb183.jpg","010-00082BP72.jpg","383b8ebe-021d-4986-b1cd-153a7652e7fe","742345","2022-05-04T09:42:17.892Z","2592"
"3fc7c006-2eb0-4ebb-b455-98199325b9f7","Image","2022-05-04T09:43:32.329Z","JPG","1944","eu-west-1:a1e6b3ad-3814-4def-88a2-e709e936b6f3","imageuploads/64b84373-1747-4525-8e7f-824bca49e512.jpg","010-00082GP119.jpg","383b8ebe-021d-4986-b1cd-153a7652e7fe","671132","2022-05-04T09:43:32.329Z","2592"
"6c25c4c9-2172-4556-9aa5-5250f1fc1d05","Image","2022-05-04T09:43:54.679Z","JPG","1944","eu-west-1:a1e6b3ad-3814-4def-88a2-e709e936b6f3","imageuploads/6602daa5-edbd-45dc-812c-a0334bc1edb8.jpg","010-00082GP251.jpg","383b8ebe-021d-4986-b1cd-153a7652e7fe","814218","2022-05-04T09:43:54.679Z","2592"
"ae28bc48-e72d-40e9-a282-3db4c05362fd","Image","2022-05-04T09:42:29.533Z","JPG","1944","eu-west-1:a1e6b3ad-3814-4def-88a2-e709e936b6f3","imageuploads/530d8e3d-db18-4a6c-9927-6babb9a037ab.jpg","010-00082BP129.jpg","383b8ebe-021d-4986-b1cd-153a7652e7fe","829763","2022-05-04T09:42:29.533Z","2592"
"75d65337-890f-44ac-963d-5f1f3ee1a184","Image","2022-05-04T09:43:51.521Z","JPG","1944","eu-west-1:a1e6b3ad-3814-4def-88a2-e709e936b6f3","imageuploads/88c40421-04a0-48b3-bc18-308e49fb4d13.jpg","010-00082GP232.jpg","383b8ebe-021d-4986-b1cd-153a7652e7fe","832281","2022-05-04T09:43:51.521Z","2592"
"8baaea77-1d69-4dd1-9f26-dbeab4a201fd","Image","2022-05-04T09:43:18.322Z","JPG","1944","eu-west-1:a1e6b3ad-3814-4def-88a2-e709e936b6f3","imageuploads/ccebe7f5-91f4-467e-a555-4a67441ef5b7.jpg","010-00082GP38.jpg","383b8ebe-021d-4986-b1cd-153a7652e7fe","634745","2022-05-04T09:43:18.322Z","2592"
"28f09de8-80c4-4b99-a2b1-2ef1f858748c","Image","2022-05-04T09:42:30.363Z","JPG","1944","eu-west-1:a1e6b3ad-3814-4def-88a2-e709e936b6f3","imageuploads/43b8ebb7-26a3-4868-8095-7b4a60106f80.jpg","010-00082BP139.jpg","383b8ebe-021d-4986-b1cd-153a7652e7fe","780567","2022-05-04T09:42:30.363Z","2592"
"f45f5bf6-9779-431d-98a4-2c052d2fde0f","Image","2022-05-04T09:43:33.184Z","JPG","1944","eu-west-1:a1e6b3ad-3814-4def-88a2-e709e936b6f3","imageuploads/7ddea4b6-cdee-4856-a977-810335e8ddda.jpg","010-00082GP120.jpg","383b8ebe-021d-4986-b1cd-153a7652e7fe","714238","2022-05-04T09:43:33.184Z","2592"
"80ef3ae8-a5a0-492f-b687-313f29d24376","Image","2022-05-04T09:43:26.609Z","JPG","1944","eu-west-1:a1e6b3ad-3814-4def-88a2-e709e936b6f3","imageuploads/7e7f80bf-b9e6-4f98-9919-f059ec1ddc02.jpg","010-00082GP84.jpg","383b8ebe-021d-4986-b1cd-153a7652e7fe","682633","2022-05-04T09:43:26.609Z","2592"
"97911b4d-1b65-483e-98dd-19172d2d82b9","Image","2022-05-04T09:43:31.527Z","JPG","1944","eu-west-1:a1e6b3ad-3814-4def-88a2-e709e936b6f3","imageuploads/79b943ba-df53-4abd-a0c7-8f243f741cad.jpg","010-00082GP118.jpg","383b8ebe-021d-4986-b1cd-153a7652e7fe","698066","2022-05-04T09:43:31.527Z","2592"
"c203c4b4-4249-47a1-b578-76ccec3b82a0","Image","2022-05-06T11:40:00.672Z","JPG","1944","eu-west-1:a1e6b3ad-3814-4def-88a2-e709e936b6f3","imageuploads/f1aeb505-92b4-422d-80bb-c0129685befa.jpg","010-00082BP24.jpg","fa2239d8-6a45-4cea-9fbf-a1f42beafb47","740004","2022-05-06T11:40:00.672Z","2592"
"13b62e45-9fc6-4e81-8276-0d218d7a6f05","Image","2022-05-04T09:42:18.929Z","JPG","1944","eu-west-1:a1e6b3ad-3814-4def-88a2-e709e936b6f3","imageuploads/5d7033c7-4a93-4c9f-8e2e-37111ee9dc22.jpg","010-00082BP76.jpg","383b8ebe-021d-4986-b1cd-153a7652e7fe","711238","2022-05-04T09:42:18.929Z","2592"
"ffcc763e-b409-4d3a-be38-44badce4694d","Image","2022-05-04T09:42:20.390Z","JPG","1944","eu-west-1:a1e6b3ad-3814-4def-88a2-e709e936b6f3","imageuploads/ff00ae39-a8b9-4eab-8de6-0af28c1f7a8b.jpg","010-00082BP86.jpg","383b8ebe-021d-4986-b1cd-153a7652e7fe","754897","2022-05-04T09:42:20.390Z","2592"
"b0cfca3d-8bc4-4502-a575-63f7170477dc","Image","2022-05-04T09:43:37.748Z","JPG","1944","eu-west-1:a1e6b3ad-3814-4def-88a2-e709e936b6f3","imageuploads/e28fa2b9-9fd0-4dd0-98f2-3ef626ffcf2a.jpg","010-00082GP145.jpg","383b8ebe-021d-4986-b1cd-153a7652e7fe","717411","2022-05-04T09:43:37.748Z","2592"
"fc4ed91f-23ee-4080-af9c-d1a8d93b59c4","Image","2022-05-04T09:42:16.798Z","JPG","1944","eu-west-1:a1e6b3ad-3814-4def-88a2-e709e936b6f3","imageuploads/453e996b-b426-43ae-8833-705cd6f10acc.jpg","010-00082BP66.jpg","383b8ebe-021d-4986-b1cd-153a7652e7fe","827486","2022-05-04T09:42:16.798Z","2592"
"b4baa697-e667-46e7-a335-114316d5a0c7","Image","2022-05-04T09:43:28.905Z","JPG","1944","eu-west-1:a1e6b3ad-3814-4def-88a2-e709e936b6f3","imageuploads/f72c1a6b-fdac-46eb-8b9c-c689ed2cd809.jpg","010-00082GP99.jpg","383b8ebe-021d-4986-b1cd-153a7652e7fe","646540","2022-05-04T09:43:28.905Z","2592"
"4908482d-e352-41dc-b0db-aec4e2fc689a","Image","2022-05-04T09:42:27.638Z","JPG","1944","eu-west-1:a1e6b3ad-3814-4def-88a2-e709e936b6f3","imageuploads/7fe2977c-4b57-46be-a253-699e2dc54729.jpg","010-00082BP116.jpg","383b8ebe-021d-4986-b1cd-153a7652e7fe","811734","2022-05-04T09:42:27.638Z","2592"
"aa21f8f0-1f6b-4100-a607-2b0bf0def83f","Image","2022-05-04T09:43:17.681Z","JPG","1944","eu-west-1:a1e6b3ad-3814-4def-88a2-e709e936b6f3","imageuploads/e37390b7-72a6-4f88-94ea-6062c19bacf4.jpg","010-00082GP26.jpg","383b8ebe-021d-4986-b1cd-153a7652e7fe","657584","2022-05-04T09:43:17.681Z","2592"
"6c0ef7f0-241a-4a4c-9c27-c63c273344ec","Image","2022-05-04T09:43:32.519Z","JPG","1944","eu-west-1:a1e6b3ad-3814-4def-88a2-e709e936b6f3","imageuploads/2601340e-d0b7-428e-b10f-389cb519edd9.jpg","010-00082GP124.jpg","383b8ebe-021d-4986-b1cd-153a7652e7fe","725487","2022-05-04T09:43:32.519Z","2592"
"fd861b0e-c0fc-400e-996c-d771982b0e1a","Image","2022-05-04T09:42:23.284Z","JPG","1944","eu-west-1:a1e6b3ad-3814-4def-88a2-e709e936b6f3","imageuploads/c33d401e-9044-4216-b27e-5f07518c9f65.jpg","010-00082BP102.jpg","383b8ebe-021d-4986-b1cd-153a7652e7fe","779425","2022-05-04T09:42:23.284Z","2592"
"c90300c0-e803-41ff-9c08-d24768777f47","Image","2022-05-04T09:43:34.158Z","JPG","1944","eu-west-1:a1e6b3ad-3814-4def-88a2-e709e936b6f3","imageuploads/0df5c476-2e7a-4548-9139-a0f879f622db.jpg","010-00082GP135.jpg","383b8ebe-021d-4986-b1cd-153a7652e7fe","733721","2022-05-04T09:43:34.158Z","2592"
"97d65a21-5225-49f7-bb75-5fd20561b0ad","Image","2022-05-04T09:42:23.526Z","JPG","1944","eu-west-1:a1e6b3ad-3814-4def-88a2-e709e936b6f3","imageuploads/9c34eac3-f51e-4e95-881b-d7722d3c8ccf.jpg","010-00082BP101.jpg","383b8ebe-021d-4986-b1cd-153a7652e7fe","787162","2022-05-04T09:42:23.526Z","2592"
"9d701fee-a232-4bf5-b37d-948eecc570ca","Image","2022-05-04T09:42:11.067Z","JPG","1944","eu-west-1:a1e6b3ad-3814-4def-88a2-e709e936b6f3","imageuploads/06bcf8d5-03ee-49b1-b7cc-3b2f343f61c4.jpg","010-00082BP31.jpg","383b8ebe-021d-4986-b1cd-153a7652e7fe","808592","2022-05-04T09:42:11.067Z","2592"
"0a282669-95f9-4dcb-bcf7-9346154ee3dd","Image","2022-05-04T09:43:25.133Z","JPG","1944","eu-west-1:a1e6b3ad-3814-4def-88a2-e709e936b6f3","imageuploads/03506015-cf91-4858-ade6-555b728ca250.jpg","010-00082GP79.jpg","383b8ebe-021d-4986-b1cd-153a7652e7fe","641091","2022-05-04T09:43:25.133Z","2592"